date,cases_new,cases_import,cases_recovered,cases_active,cases_cluster,cases_unvax,cases_pvax,cases_fvax,cases_boost,cases_child,cases_adolescent,cases_adult,cases_elderly,cases_0_4,cases_5_11,cases_12_17,cases_18_29,cases_30_39,cases_40_49,cases_50_59,cases_60_69,cases_70_79,cases_80,rtk-ag,pcr,beds,beds_covid,beds_noncrit,admitted_pui,admitted_covid,admitted_total,discharged_pui,discharged_covid,discharged_total,hosp_covid,hosp_pui,hosp_noncovid,beds_icu,beds_icu_rep,beds_icu_total,beds_icu_covid,vent,vent_port,icu_covid,icu_pui,icu_noncovid,vent_covid,vent_pui,vent_noncovid,vent_used,vent_port_used,daily_partial,daily_full,daily_booster,daily_booster2,daily,daily_partial_adol,daily_full_adol,daily_booster_adol,daily_booster2_adol,daily_partial_child,daily_full_child,daily_booster_child,cumul_partial,cumul_full,cumul_booster,cumul_booster2,cumul,cumul_partial_adol,cumul_full_adol,cumul_booster_adol,cumul_booster2_adol,cumul_partial_child,cumul_full_child,cumul_booster_child,pfizer1,pfizer2,pfizer3,pfizer4,sinovac1,sinovac2,sinovac3,sinovac4,astra1,astra2,astra3,astra4,sinopharm1,sinopharm2,sinopharm3,sinopharm4,cansino,cansino3,cansino4,pending1,pending2,pending3,pending4,checkins,unique_ind,unique_loc,cases_new_increase_tmr
2021-07-01,6988,5,5580,65454,2268,6165,647,176,0,809,379,4843,503,348,461,379,1935,1501,885,522,324,134,45,43219,54811,39694,12022,37776,493,1385,1878,379,1342,1721,7127,989,19635,1052,854,1906,1252,1500,788,1204,7,399,619,7,2,1319,0,183763,86646,0,0,270409,224,34,0,0,5,1,0,6148466,2429925,0,0,8578377,4750,617,0,0,166,104,0,27368,47641,0,0,134968,38983,0,0,21410,15,0,0,0,0,0,0,1,0,0,17,6,0,0,18908211,8101091,671387,0
2021-07-02,6982,3,6278,66085,2198,6190,590,202,0,744,413,5084,524,321,423,413,2070,1500,911,603,343,134,47,40860,55642,39776,12030,37876,432,1384,1816,354,1315,1669,7366,956,19314,1035,853,1888,1223,1502,779,1180,7,402,626,7,5,1314,0,170265,70768,0,0,241033,307,42,0,0,2,0,0,6318731,2500693,0,0,8819410,5057,659,0,0,168,104,0,28251,30141,0,0,119919,40607,0,0,22018,17,0,0,0,0,0,0,0,0,0,77,3,0,0,20441759,8380952,646740,0
2021-07-03,6658,11,5677,66959,1917,5883,590,185,0,793,408,4565,484,326,467,408,1856,1386,782,541,321,121,42,30817,55023,39776,12159,37868,445,1376,1821,416,1282,1698,7509,956,18626,1043,853,1896,1223,1502,779,1163,5,407,642,5,11,1381,0,144843,79443,0,0,224286,214,47,0,0,0,1,0,6463574,2580136,0,0,9043696,5271,706,0,0,168,105,0,25952,38863,0,0,100212,40541,0,0,18629,8,0,0,0,0,0,0,0,0,0,50,31,0,0,16488851,7105297,548689,0
2021-07-04,6045,20,5271,67670,1799,5293,591,161,0,825,383,4212,464,345,480,383,1664,1287,764,497,273,129,62,26064,42657,40090,12225,38160,386,1259,1645,297,1022,1319,7759,989,19011,1054,864,1918,1237,1515,794,1222,8,392,643,8,10,1401,0,135131,80891,0,0,216022,145,50,0,0,2,0,0,6598705,2661027,0,0,9259718,5416,756,0,0,170,105,0,27190,42679,0,0,88945,38158,0,0,18948,6,0,0,0,0,0,0,0,0,0,48,48,0,0,14881701,6633487,452691,1
2021-07-05,6387,26,4532,69448,1947,5552,623,212,0,741,352,4683,439,322,419,352,1862,1436,823,562,297,104,38,44941,41819,40090,12417,38157,391,1244,1635,297,1119,1416,7802,999,19280,1054,867,1921,1240,1514,791,1228,5,398,652,5,7,1410,0,206650,121573,0,0,328223,275,77,0,0,4,0,0,6805355,2782600,0,0,9587941,5691,833,0,0,174,105,0,34641,54156,0,0,150268,66681,0,0,21658,702,0,0,0,0,0,0,0,0,0,83,34,0,0,17892572,7705699,642683,1
2021-07-06,7654,11,4797,72202,2463,6700,736,218,0,937,400,4978,522,403,534,400,2049,1533,825,571,346,133,43,40048,52956,40090,12535,38157,455,1417,1872,318,1162,1480,7971,1010,19444,1054,867,1921,1240,1514,791,1266,7,376,654,7,14,1380,0,217165,139385,0,0,356550,242,84,0,0,4,1,0,7022520,2921985,0,0,9944491,5933,917,0,0,178,106,0,38359,57558,0,0,156988,81692,0,0,21800,22,0,0,0,0,0,0,0,0,0,18,113,0,0,18095935,7780087,652396,0
2021-07-07,7097,26,4863,74345,2106,6155,728,214,0,822,456,5029,479,314,508,456,2001,1504,962,562,309,132,38,42534,59879,40090,12570,38148,433,1406,1839,356,1179,1535,8123,953,19391,1065,865,1930,1268,1508,816,1288,7,361,701,7,45,1450,0,218932,176703,0,0,395635,261,139,0,0,1,1,0,7241452,3098688,0,0,10340126,6194,1056,0,0,179,107,0,39867,63163,0,0,157468,109006,0,0,21565,4391,0,0,0,0,0,0,0,0,0,32,143,0,0,18400422,7865994,661277,1
2021-07-08,8868,10,5802,77276,2704,7544,1030,294,0,870,493,6533,682,367,503,493,2659,2012,1117,745,456,161,65,46348,60158,40090,12671,38148,459,1424,1883,390,1385,1775,8171,986,19248,1065,865,1930,1268,1508,816,1289,5,359,711,5,14,1449,6,230116,160734,0,0,390850,259,152,0,0,0,1,0,7471568,3259422,0,0,10730976,6453,1208,0,0,179,108,0,40567,58884,0,0,167877,98407,0,0,21626,3364,0,0,0,0,0,0,0,0,0,46,79,0,0,18258832,7861018,665133,1
2021-07-09,9180,7,5713,80666,2343,7875,1016,289,0,1078,517,6471,637,420,658,517,2533,2062,1152,724,439,156,42,50294,64077,40090,12746,38142,418,1467,1885,274,1189,1463,8375,970,18839,1071,865,1936,1274,1508,816,1311,12,370,720,12,8,1432,0,220825,129741,0,0,350566,385,104,0,0,0,3,0,7692393,3389163,0,0,11081542,6838,1312,0,0,179,111,0,43486,40921,0,0,155383,85227,0,0,21940,3448,0,0,0,0,0,0,0,0,0,16,145,0,0,18042905,7734690,623039,1
2021-07-10,9353,11,5910,84022,3016,7915,1101,337,0,910,485,6453,651,352,558,485,2656,1934,1114,749,437,164,50,46869,55962,40090,12863,38146,500,1442,1942,335,1299,1634,8379,1018,18051,1044,888,1932,1280,1505,828,1310,9,398,711,10,11,1424,0,219838,116870,0,0,336708,420,132,0,0,3,5,0,7912231,3506033,0,0,11418250,7258,1444,0,0,182,116,0,51628,49693,0,0,149724,63630,0,0,18473,3518,0,0,0,0,0,0,0,0,0,13,29,0,0,16655703,7274107,565680,0
2021-07-11,9105,18,5194,87843,2199,7556,1209,340,0,1136,556,6492,661,452,684,556,2461,2052,1223,756,441,172,48,39886,55263,40090,13000,38146,361,1579,1940,303,1120,1423,8709,936,17622,1044,888,1932,1280,1509,828,1332,15,397,720,21,0,1421,0,194841,103497,0,0,298338,321,84,0,0,2,2,0,8107072,3609530,0,0,11716588,7579,1528,0,0,184,118,0,50732,37545,0,0,125720,62474,0,0,18384,3445,0,0,0,0,0,0,0,0,0,5,33,0,0,14585281,6612889,457725,0
2021-07-12,8574,40,5041,91273,1843,7153,1098,323,0,1148,580,5993,649,481,667,580,2427,1833,1043,690,458,135,56,63357,55320,40209,13026,38242,390,1438,1828,313,1151,1464,8857,1029,17980,1061,894,1955,1296,1526,830,1391,14,357,739,14,8,1383,0,272047,163157,0,0,435204,436,197,0,0,2,4,0,8379119,3772687,0,0,12151792,8015,1725,0,0,186,122,0,74459,46060,0,0,176370,113615,0,0,21115,3434,0,0,0,0,0,0,0,0,0,103,48,0,0,18070731,7824609,653136,1
2021-07-13,11079,27,5990,96237,2700,9140,1475,464,0,1502,708,7622,759,624,878,708,2944,2390,1390,898,521,178,60,71658,66706,40209,13095,38215,467,1521,1988,305,1260,1565,8975,957,18441,1084,898,1982,1315,1527,837,1416,20,384,780,20,6,1453,11,268448,171540,0,0,439988,500,265,0,0,5,1,0,8647567,3944227,0,0,12591780,8515,1990,0,0,191,123,0,70384,46580,0,0,179381,121380,0,0,18615,3525,0,0,0,0,0,0,0,0,0,68,55,0,0,17743210,7769519,657890,1
2021-07-14,11618,26,6377,101360,2304,9324,1772,522,0,1620,699,8196,782,755,865,699,3107,2559,1539,991,541,178,63,71575,70069,40209,13082,38204,294,1761,2055,241,1176,1417,9320,918,18499,1089,904,1993,1315,1527,842,1253,6,415,698,15,314,1397,0,295432,164208,0,0,459640,628,209,0,0,5,1,0,8942999,4108435,0,0,13051420,9143,2199,0,0,196,124,0,82070,40033,0,0,192214,120769,0,0,21055,3356,0,0,0,0,0,0,0,0,0,93,50,0,0,19039637,8089914,675406,1
2021-07-15,13215,13,6095,108370,2828,10827,1876,512,0,1743,907,9270,796,748,995,907,3711,2762,1677,1120,542,187,67,77701,74255,40209,13077,38206,438,1626,2064,319,1232,1551,9606,979,17590,1071,920,1991,1334,1534,832,1206,0,348,716,0,360,1462,0,317950,161424,0,0,479374,590,171,0,0,4,1,0,9260949,4269859,0,0,13530794,9733,2370,0,0,200,125,0,101684,36309,0,0,192734,125064,0,0,23407,32,0,0,0,0,0,0,0,0,0,125,19,0,0,19074986,8097781,676956,0
2021-07-16,12541,16,6742,114054,2785,10133,1869,539,0,1467,715,9043,801,627,840,715,3689,2757,1588,1009,559,187,55,68659,75090,40431,13663,38413,491,1489,1980,339,1096,1435,10000,1140,17315,1059,947,2006,1353,1534,832,1270,0,430,709,0,311,1382,2,284002,134328,0,0,418330,728,156,0,0,4,1,0,9544952,4404187,0,0,13949124,10461,2526,0,0,204,126,0,95937,32111,0,0,165270,102129,0,0,22620,65,0,0,0,0,0,0,1,0,0,175,22,0,0,18992596,8005078,642944,0
2021-07-17,12528,19,6629,119815,3206,10128,1917,483,0,1567,818,8698,818,674,893,818,3465,2670,1519,1044,540,195,83,59602,75689,40431,13739,38403,423,1768,2191,284,1239,1523,10080,1128,16902,1041,975,2016,1363,1540,832,1312,58,455,729,8,336,1429,14,264820,132945,0,0,397765,988,233,0,0,7,0,0,9809772,4537132,0,0,14346889,11449,2759,0,0,211,126,0,97060,35303,0,0,148790,88020,0,0,18630,9443,0,0,0,0,0,0,0,0,0,340,179,0,0,18974196,7887380,604215,0
2021-07-18,10710,12,5778,124594,2164,8630,1626,454,0,1367,639,7633,691,559,808,639,3047,2296,1403,887,483,157,51,50242,59769,40431,13913,38403,383,1719,2102,288,1313,1601,10378,1242,16949,1041,975,2016,1368,1540,832,1317,61,462,734,5,376,1423,11,252620,104252,0,0,356872,714,147,0,0,1,0,0,10062392,4641384,0,0,14703761,12163,2906,0,0,212,126,0,98543,24927,0,0,134554,69636,0,0,19266,9625,0,0,0,0,0,0,0,0,0,257,64,0,0,17259037,7393890,489732,1
2021-07-19,10972,48,6439,128998,2480,8626,1854,492,0,1417,700,7999,709,622,795,700,3169,2390,1492,948,465,172,72,73269,60676,40419,13989,38403,334,1620,1954,286,1096,1382,11375,1189,17467,1027,977,2004,1354,1540,836,1330,62,472,737,3,342,1450,13,288969,154686,0,0,443655,555,227,0,0,7,4,0,10351361,4796070,0,0,15147416,12718,3133,0,0,219,130,0,129768,39138,0,0,137610,105177,0,0,21503,10193,0,0,0,1,0,0,0,0,0,88,177,0,0,20975355,8548480,655999,1
2021-07-20,12366,8,7567,133704,2650,9648,2177,541,0,1564,802,8856,846,670,894,802,3458,2776,1564,1058,579,193,74,35951,60679,39959,14055,37943,406,1658,2064,486,1511,1997,10997,1066,16825,1027,977,2004,1354,1540,836,1339,59,428,733,4,330,1309,15,208644,103553,0,0,312197,278,123,0,0,6,2,0,10560005,4899623,0,0,15459613,12996,3256,0,0,225,132,0,71660,11723,0,0,118129,81600,0,0,18809,10206,0,0,0,0,0,0,0,0,0,46,24,0,0,12336422,5678794,366291,0
2021-07-21,11985,7,7902,137588,2149,9156,2247,582,0,1821,875,8059,910,743,1078,875,3168,2356,1438,1097,602,224,84,75243,62050,38961,14079,36903,344,1737,2081,279,1298,1577,11255,1061,17839,1045,1001,2046,1415,1595,831,1332,0,407,742,1,335,1419,2,289267,170709,0,0,459976,732,202,0,0,10,17,0,10849272,5070332,0,0,15919589,13728,3458,0,0,235,149,0,124244,32551,0,0,144576,127818,0,0,20163,10329,0,0,0,0,0,0,0,0,0,284,11,0,0,18325737,7762127,599742,1
2021-07-22,13034,25,8436,142052,2589,9648,2653,733,0,1775,864,9161,878,747,1028,864,3538,2743,1721,1159,589,216,73,78947,76042,40521,14650,38491,433,1873,2306,321,1344,1665,11286,1140,17754,1013,1005,2018,1403,1591,832,1373,63,386,755,1,344,1421,13,343580,176984,0,0,520564,626,204,0,0,11,5,0,11192852,5247316,0,0,16440153,14354,3662,0,0,246,154,0,170602,33419,0,0,152340,132829,0,0,20606,10714,0,0,1,0,0,0,0,0,0,31,22,0,0,19261749,8155914,654713,1
2021-07-23,15573,32,10094,147387,2214,11442,3342,789,0,2028,1081,10948,1122,849,1179,1081,4326,3263,2039,1320,762,274,86,75750,80693,40600,14869,38546,474,2071,2545,353,1572,1925,11398,1263,18050,1017,1025,2042,1414,1621,798,1356,63,439,739,2,330,1369,19,314845,164712,0,0,479557,586,277,0,0,9,1,0,11507697,5412028,0,0,16919710,14940,3939,0,0,255,155,0,148873,31862,0,0,146200,122107,0,0,19739,10685,0,0,0,0,0,0,0,0,0,33,58,0,0,19515603,8187698,660021,1
2021-07-24,15902,26,9471,153634,2922,11668,3454,780,0,2007,962,11395,1257,807,1200,962,4504,3450,2004,1437,854,315,88,66923,71071,40577,15047,38523,390,1897,2287,323,1414,1737,11783,1159,17068,1017,1025,2042,1404,1635,816,1399,0,392,800,3,346,1445,18,296130,137719,0,0,433849,1051,196,0,0,15,2,0,11803827,5549747,0,0,17353559,15991,4135,0,0,270,157,0,148740,26970,0,0,129766,101545,0,0,17575,9142,0,0,0,0,0,0,0,0,0,49,62,0,0,18427529,7798119,611803,1
2021-07-25,17045,6,9683,160904,3134,12517,3618,910,0,2068,1045,12076,1074,860,1208,1045,4629,3715,2340,1392,747,255,72,52772,67047,40577,15090,38523,397,1982,2379,314,1248,1562,12022,1197,17376,1017,1025,2042,1404,1638,817,1438,80,390,801,9,309,1476,18,292629,125179,0,0,417808,851,121,0,0,10,3,0,12096456,5674926,0,0,17771367,16842,4256,0,0,280,160,0,138221,26969,0,0,136239,87794,0,0,18137,10334,0,0,0,0,0,0,0,0,0,32,82,0,0,16006719,7058597,484348,0
2021-07-26,14516,3,9371,165842,2902,11040,2767,709,0,1948,932,9783,897,816,1132,932,3865,2909,1772,1237,597,232,68,91232,57971,41106,15257,39037,393,1793,2186,271,1475,1746,12247,1208,17748,1032,1025,2057,1412,1653,820,1354,71,461,786,3,330,1478,20,343007,195808,0,0,538815,704,232,0,0,14,5,0,12439463,5870734,0,0,18310182,17546,4488,0,0,294,165,0,191838,35660,0,0,132928,147128,0,0,18176,12974,0,0,0,0,0,0,0,0,0,65,46,0,0,19418579,8270676,698490,1
2021-07-27,16117,26,11526,170226,2958,11652,3539,926,0,2152,1148,11432,1105,889,1263,1148,4411,3464,2168,1389,753,279,73,84147,70425,41106,15512,39062,450,2177,2627,321,1757,2078,12375,1159,17370,1008,1024,2032,1406,1652,831,1362,64,457,781,5,359,1539,26,366816,206056,0,0,572872,816,201,0,0,11,2,0,12806279,6076790,0,0,18883054,18362,4689,0,0,305,167,0,214350,38741,0,0,134001,154290,0,0,18364,13000,0,0,0,0,0,0,0,0,0,101,25,0,0,19622551,8321997,703577,1
2021-07-28,17405,6,12373,175115,2951,12145,4156,1104,0,2402,1182,12025,1231,955,1447,1182,4598,3631,2224,1572,860,271,100,77798,73500,41106,15904,39058,425,1920,2345,354,1493,1847,12460,1231,17734,1008,1028,2036,1410,1652,832,1477,62,431,838,2,337,1527,34,375720,207406,0,0,583126,832,216,0,0,17,0,0,13182001,6284196,0,0,19466180,19194,4905,0,0,322,167,0,206170,39059,0,0,157331,154718,0,0,12111,13606,0,0,0,0,0,0,2,0,0,108,21,0,0,19831246,8395305,707881,0
2021-07-29,17170,32,12930,179181,2423,11875,4188,1107,0,2383,1140,12206,1090,1025,1358,1140,4960,3556,2259,1431,743,261,86,79001,80399,41106,15967,39052,431,2030,2461,356,1607,1963,12829,1153,17327,1011,1031,2042,1404,1659,844,1494,50,384,841,3,339,1435,28,363346,218787,0,0,582133,881,210,0,0,23,3,0,13545351,6502983,0,0,20048313,20076,5115,0,0,345,170,0,213035,42109,0,0,136400,163511,0,0,13855,13119,0,0,0,0,0,0,4,0,0,56,44,0,0,19396863,8279150,700583,0
2021-07-30,16840,17,12179,183708,3075,11553,4164,1123,0,2262,1178,11664,1108,919,1343,1178,4596,3543,2137,1388,712,298,98,72807,81791,41106,16235,38997,420,2198,2618,285,1648,1933,12919,1260,16782,1029,1070,2099,1481,1651,861,1538,51,354,901,2,360,1479,58,333244,203247,0,0,536491,844,315,0,0,15,0,0,13878595,6706230,0,0,20584804,20920,5430,0,0,360,170,0,168947,42864,0,0,149128,147312,0,0,15074,13057,0,0,1,0,0,0,0,0,0,94,14,0,0,18904504,8092181,652522,1
2021-07-31,17786,9,11718,189611,3046,12099,4440,1247,0,2646,1352,12260,1186,1042,1604,1352,4856,3690,2285,1429,781,292,113,63316,72897,41156,16307,39043,398,2189,2587,321,1443,1764,13500,1218,16501,1029,1074,2103,1485,1651,861,1462,15,500,869,2,299,1551,33,336809,207752,0,0,544561,1020,336,0,0,35,3,0,14215405,6913982,0,0,21129365,21940,5766,0,0,395,173,0,170732,49441,0,0,151171,145371,0,0,14402,12917,0,0,0,0,0,0,1,0,0,504,22,0,0,18999684,7930202,605033,0
2021-08-01,17150,1,11326,195275,3000,11255,4710,1185,0,2468,1274,11731,1258,981,1487,1274,4489,3610,2188,1444,845,296,117,52108,54732,41156,16440,39043,322,2113,2435,264,1483,1747,13510,1197,16556,1029,1074,2103,1485,1651,861,1423,51,410,872,4,354,1591,31,310766,185732,0,0,496498,649,267,0,0,21,1,0,14526173,7099714,0,0,21625863,22589,6033,0,0,416,174,0,156484,48818,0,0,141511,124003,0,0,12720,12896,0,0,0,0,0,0,2,0,0,51,13,0,0,16745940,7216699,476980,0
2021-08-02,15764,6,11767,199053,2625,10315,4317,1132,0,2216,1130,10783,1072,871,1345,1130,4296,3295,1896,1296,723,256,93,89014,57262,41156,16594,39042,433,2140,2573,354,1753,2107,13636,1149,15233,1023,1081,2104,1487,1651,861,1451,50,396,898,2,316,1576,51,237175,252423,0,0,489598,731,348,0,0,13,2,0,14763348,7352137,0,0,22115461,23320,6381,0,0,429,176,0,157361,71497,0,0,75758,167794,0,0,4044,13031,0,0,0,0,0,0,0,0,0,12,101,0,0,19955687,8389175,699644,1
2021-08-03,17105,37,12297,203666,2400,11010,4751,1344,0,2424,1239,11777,1192,986,1438,1239,4656,3392,2207,1522,781,299,112,85565,84915,41233,16872,39092,404,2207,2611,337,1821,2158,13461,1158,15675,1034,1097,2131,1511,1663,877,1460,47,385,898,2,316,1628,21,254195,251032,0,0,505227,860,395,0,0,16,4,0,15017544,7603169,0,0,22620688,24180,6776,0,0,445,180,0,179819,68045,0,0,70163,169669,0,0,4091,13240,0,0,0,0,0,0,1,0,0,122,77,0,0,20056135,8428884,706107,1
2021-08-04,19819,23,12704,210524,2953,12681,5585,1553,0,2737,1380,13795,1359,1142,1595,1380,5288,4312,2511,1684,941,296,122,83348,74537,41255,16989,39108,462,2420,2882,345,1733,2078,13972,1158,16137,1038,1099,2137,1513,1663,877,1484,50,406,910,2,317,1653,22,243097,273694,0,0,516791,731,494,0,0,15,5,0,15260642,7876863,0,0,23137479,24911,7270,0,0,460,185,0,179762,78808,0,0,58945,181114,0,0,4373,13683,0,0,0,0,0,0,1,0,0,17,88,0,0,19966088,8414552,708624,1
2021-08-05,20596,34,13893,217063,3084,12260,6610,1726,0,2601,1388,14699,1350,1070,1531,1388,5690,4401,2829,1779,905,344,101,83060,71326,41255,17244,39111,518,2144,2662,359,1879,2238,13962,1176,16424,1049,1085,2134,1519,1668,887,1462,0,382,914,0,304,1584,29,236184,303187,0,0,539371,715,523,0,0,22,4,0,15496827,8180050,0,0,23676850,25626,7793,0,0,482,189,0,165051,99304,0,0,66711,190154,0,0,4313,13706,0,0,0,0,0,0,1,0,0,109,22,0,0,19975283,8417547,707028,1
2021-08-06,20889,13,16394,221398,2657,12084,6956,1849,0,2716,1331,14859,1364,1095,1621,1331,5679,4600,2855,1725,919,333,112,79737,77875,41461,17413,39317,492,2695,3187,402,2079,2481,14049,1176,16276,1049,1085,2134,1519,1668,887,1491,58,407,932,2,308,1632,32,205541,266155,0,0,471696,572,610,0,0,13,4,0,15702369,8446205,0,0,24148546,26198,8403,0,0,495,193,0,125903,93356,0,0,65141,157913,0,0,14477,14866,0,0,0,0,0,0,1,0,0,20,19,0,0,20112071,8385104,671537,0
2021-08-07,19257,16,16322,224123,2771,11158,6376,1723,0,2505,1383,13341,1433,1025,1480,1383,5074,4025,2601,1641,925,384,124,71554,73395,41461,17432,39312,450,2249,2699,359,1857,2216,14071,1066,15992,1050,1089,2139,1528,1673,892,1521,59,420,964,1,327,1669,22,205100,247478,0,0,452578,652,761,0,0,13,10,0,15907470,8693683,0,0,24601124,26850,9164,0,0,508,203,0,110256,89149,0,0,72477,143732,0,0,22309,14564,0,0,0,0,0,0,1,0,0,58,32,0,0,19728486,8117127,612399,0
2021-08-08,18688,10,17055,225396,2585,10973,5982,1733,0,2505,1340,13078,1381,973,1532,1340,5128,3958,2412,1580,929,331,121,59401,63659,41461,17479,39295,415,2104,2519,277,1519,1796,14281,1162,15987,1063,1093,2156,1545,1679,902,1509,58,396,913,8,314,1646,24,172445,239837,0,0,412282,506,582,0,0,10,2,0,16079916,8933520,0,0,25013406,27356,9746,0,0,518,205,0,79993,93807,0,0,68417,131940,0,0,24014,14073,0,0,0,0,0,0,1,0,0,21,16,0,0,16787679,7264728,480890,0
2021-08-09,17236,29,15187,227233,2392,9999,5578,1659,0,2300,1209,11882,1182,912,1388,1209,4568,3568,2262,1484,784,276,122,96021,57541,41533,17634,39359,444,2076,2520,282,1720,2002,14070,1178,15903,1063,1101,2164,1553,1688,903,1537,57,427,900,1,331,1671,18,203675,285056,0,0,488731,528,550,0,0,17,8,0,16283595,9218576,0,0,25502137,27884,10296,0,0,535,213,0,98963,128755,0,0,66888,136500,0,0,37755,19759,0,0,0,0,0,0,4,0,0,69,38,0,0,20179181,8473013,701593,1
2021-08-10,19991,0,16258,230765,2866,11444,6616,1931,0,2680,1456,13501,1458,1094,1586,1456,5230,3987,2572,1712,954,369,135,64900,79665,41493,17780,39311,484,2595,3079,308,1821,2129,14169,1244,15878,1067,1105,2172,1561,1688,903,1593,55,412,888,6,365,1679,27,177247,202024,0,0,379271,1084,232,0,0,30,8,0,16460844,9420600,0,0,25881408,28968,10528,0,0,565,221,0,77106,69986,0,0,65573,113495,0,0,34551,18164,0,0,0,0,0,0,2,0,0,17,377,0,0,17334940,7497140,574642,1
2021-08-11,20780,15,17973,233361,2659,12080,6611,2089,0,2889,1454,14537,1424,1113,1776,1454,5484,4454,2806,1793,948,363,113,95214,75278,41550,17857,39368,455,2473,2928,252,1819,2071,14365,1314,16693,1067,1105,2172,1561,1688,903,1489,58,431,879,4,354,1653,20,245288,275048,0,0,520336,922,634,0,0,32,7,0,16706137,9695648,0,0,26401744,29890,11162,0,0,597,228,0,101632,122882,0,0,99968,136405,0,0,43683,15701,0,0,0,0,0,0,5,0,0,5,55,0,0,19886866,8462701,714735,1
2021-08-12,21668,58,17687,237024,2544,12208,7016,2444,0,2923,1507,15101,1524,1207,1716,1507,5951,4580,2727,1843,991,392,141,93458,87780,41557,17974,39371,494,2370,2864,293,1663,1956,14142,1330,16762,1069,1107,2176,1561,1729,915,1524,2,416,878,1,339,1609,44,218728,334331,0,0,553059,765,499,0,0,22,10,0,16924867,10029979,0,0,26954803,30655,11661,0,0,619,238,0,85252,166549,0,0,95954,146371,0,0,37465,21361,0,0,0,0,0,0,2,0,0,57,48,0,0,19614148,8402830,709842,0
2021-08-13,21468,25,17025,241190,2692,11824,7219,2425,0,2674,1433,14673,1593,1020,1654,1433,5632,4431,2754,1856,1017,397,179,84595,83098,42159,18262,39942,473,2380,2853,308,2061,2369,14456,1292,16718,1069,1132,2201,1584,1732,916,1479,55,446,875,7,358,1579,85,186163,311620,0,0,497783,934,502,0,0,31,11,0,17111032,10341599,0,0,27452586,31589,12163,0,0,650,249,0,55443,145014,0,0,105204,142322,0,0,25492,24118,0,0,0,0,0,0,2,0,0,24,164,0,0,19073947,8198185,668845,0
2021-08-14,20670,8,17655,243945,2402,11427,6841,2402,0,2734,1467,14295,1551,1101,1633,1467,5463,4314,2681,1837,1020,382,149,76484,79937,42572,18366,40336,415,2163,2578,257,1806,2063,14470,1342,15893,1088,1132,2220,1586,1746,924,1455,60,448,884,4,319,1525,135,181767,290013,0,0,471780,798,910,0,0,24,13,0,17292799,10631612,0,0,27924366,32387,13073,0,0,674,262,0,40810,144523,0,0,115074,125025,0,0,25761,20430,0,0,0,0,0,0,0,0,0,122,35,0,0,18433351,7888197,612248,0
2021-08-15,20546,14,16945,247264,2600,11189,6863,2494,0,2963,1507,14238,1370,1138,1825,1507,5525,4319,2742,1652,912,334,124,63849,71181,42572,18486,40371,434,2243,2677,325,1486,1811,14472,1218,17047,1045,1140,2185,1582,1756,924,1432,63,439,899,7,358,1463,185,158706,282059,0,0,440765,682,683,0,0,32,8,0,17451506,10913671,0,0,28365131,33069,13756,0,0,706,270,0,35457,130615,0,0,103977,130118,0,0,18915,21290,0,0,0,0,0,0,1,0,0,357,35,0,0,15778774,7066182,474918,0
2021-08-16,19740,19,17450,249280,3058,10590,6447,2703,0,2780,1372,13518,1357,1035,1745,1372,5247,4184,2452,1635,865,347,145,96219,63938,42572,18598,40371,467,1996,2463,373,1504,1877,14753,1328,16787,1045,1140,2185,1589,1756,924,1430,57,468,889,3,328,1545,138,191494,335716,0,0,527210,1133,566,0,0,24,11,0,17643000,11249387,0,0,28892341,34202,14322,0,0,730,281,0,39501,180820,0,0,131839,129624,0,0,20095,25199,0,0,0,0,0,0,0,0,0,59,73,0,0,19261760,8340927,713559,0
2021-08-17,19631,7,16467,252151,2265,10674,6212,2745,0,2816,1424,13425,1442,1113,1703,1424,5107,4208,2503,1607,925,373,144,89409,89546,42572,18540,40370,449,2329,2778,325,1868,2193,14338,1324,16238,1038,1148,2186,1592,1756,924,1514,5,477,877,2,303,1537,153,199564,350653,0,0,550217,890,685,0,0,37,10,0,17842568,11600040,0,0,29442558,35092,15007,0,0,767,291,0,36159,198158,0,0,143756,128525,0,0,19594,23895,0,0,0,0,0,0,4,0,0,55,71,0,0,19294421,8356638,721257,1
2021-08-18,22242,4,19680,254488,2878,11857,7174,3211,0,2988,1624,15125,1584,1214,1774,1624,5694,4639,2918,1874,1034,404,146,88829,82821,42683,18580,40518,455,2458,2913,355,2001,2356,14308,1292,17324,998,1151,2149,1565,1762,944,1457,67,475,871,4,331,1562,155,207682,365299,0,0,572981,1001,651,0,0,27,19,0,18050254,11965339,0,0,30015539,36094,15658,0,0,794,310,0,33029,187558,0,0,155253,153877,0,0,19311,23825,0,0,0,0,0,0,4,0,0,89,35,0,0,19061919,8334637,725223,1
2021-08-19,22948,9,21720,255538,2343,12451,7175,3322,0,3035,1665,16065,1647,1254,1781,1665,6342,4770,3014,1939,1050,457,140,81565,90293,42656,18650,40471,524,2153,2677,326,1749,2075,14181,1303,17395,998,1171,2169,1575,1764,945,1454,8,422,847,30,297,1542,214,197407,352519,0,0,549926,875,731,0,0,28,16,0,18247664,12317858,0,0,30565465,36969,16389,0,0,822,326,0,37421,191259,0,0,141405,136076,0,0,18567,25113,0,0,0,0,0,0,3,0,0,14,68,0,0,20701548,8669392,732750,1
2021-08-20,23564,23,21448,257421,3031,12108,7212,4244,0,3350,1820,16011,1692,1290,2060,1820,6234,4637,3074,2066,1074,459,159,76593,81270,42656,18614,40471,481,2263,2744,341,1482,1823,14045,1224,17067,998,1171,2169,1575,1764,945,1449,61,446,852,12,317,1507,231,173525,342011,0,0,515536,897,769,0,0,17,20,0,18421190,12659869,0,0,31081001,37866,17158,0,0,839,346,0,65698,167856,0,0,98205,149016,0,0,9564,25080,0,0,0,1,0,0,1,0,0,58,57,0,0,19986775,8471937,695865,0
2021-08-21,22262,40,18576,260884,2331,11436,6900,3926,0,3154,1685,14933,1714,1269,1885,1685,5866,4397,2816,1854,1078,470,166,68462,75040,42708,18616,40523,483,2112,2595,320,1875,2195,13927,1234,16704,998,1171,2169,1575,1764,955,1486,59,447,883,4,304,1505,266,175777,326315,0,0,502092,886,795,0,0,35,28,0,18596977,12986184,0,0,31583093,38752,17953,0,0,874,374,0,76756,158128,0,0,89247,148050,0,0,9766,20067,0,0,0,0,0,0,10,0,0,8,60,0,0,20601150,8438695,647086,0
2021-08-22,19807,5,18200,262259,2177,10485,5896,3426,0,2918,1565,13288,1508,1144,1774,1565,5188,4015,2449,1636,945,400,163,60752,65149,42708,18644,40523,451,2004,2455,242,1491,1733,13852,1216,16341,998,1171,2169,1575,1764,955,1452,64,437,871,8,320,1474,215,150818,314962,0,0,465780,818,551,0,0,22,24,0,18747797,13301146,0,0,32048873,39570,18504,0,0,896,398,0,75525,154544,0,0,66669,141107,0,0,8596,19257,0,0,0,0,0,0,2,0,0,28,52,0,0,17750609,7570066,509502,0
2021-08-23,17672,8,19053,260704,2010,9058,5208,3406,0,2603,1374,11768,1491,1041,1562,1374,4400,3461,2332,1575,927,397,167,94186,60669,42631,18613,40441,486,1923,2409,311,1575,1886,13696,1246,16476,998,1176,2174,1580,1764,955,1460,63,443,842,3,324,1483,249,162854,256587,0,0,419441,845,563,0,0,20,11,0,18910651,13557733,0,0,32468314,40415,19067,0,0,916,409,0,102078,156559,0,0,49371,74513,0,0,11390,25498,0,0,0,0,0,0,0,0,0,15,17,0,0,20777800,8737541,750669,1
2021-08-24,20837,22,18613,262717,2514,10597,6293,3947,0,2956,1616,14024,1520,1123,1833,1616,5633,4140,2602,1649,972,421,127,91628,85894,42703,18739,40513,538,2272,2810,358,1852,2210,13538,1293,16832,998,1176,2174,1580,1764,955,1482,60,452,825,5,336,1508,193,170595,276943,0,0,447538,1048,608,0,0,17,16,0,19081247,13834676,0,0,32915852,41463,19675,0,0,933,425,0,105109,183337,0,0,53201,70405,0,0,12278,23130,0,0,0,0,0,0,1,0,0,7,70,0,0,20099181,8591240,749499,1
2021-08-25,22642,5,20798,264296,2499,11183,6946,4513,0,3221,1767,15003,1791,1263,1958,1767,5756,4472,3020,1755,1117,475,199,90167,78146,42703,18886,40478,611,2332,2943,390,1763,2153,13488,1408,17377,1041,1168,2209,1598,1776,1000,1498,10,468,838,0,333,1474,228,176913,275724,0,0,452637,1070,612,0,0,22,15,0,19258160,14110400,0,0,33368489,42533,20287,0,0,955,440,0,111391,189503,0,0,55336,63182,0,0,10174,23023,0,0,0,0,0,0,0,0,0,12,16,0,0,20898367,8814461,769365,1
2021-08-26,24599,8,22657,265845,3394,12365,7315,4919,0,3437,1722,16450,1872,1346,2091,1722,6374,4922,3132,2022,1144,536,191,82344,72735,42713,18805,40485,688,2301,2989,397,1837,2234,12884,1447,17162,1041,1171,2212,1598,1760,1034,1484,10,453,853,7,318,1405,248,173050,267556,0,0,440606,1161,597,0,0,39,18,0,19433189,14377956,0,0,33809095,43699,20884,0,0,994,458,0,111149,170110,0,0,49841,72528,0,0,11886,22878,0,0,0,0,0,0,1979,0,0,174,61,0,0,21069469,8848065,771901,0
2021-08-27,22070,15,21877,265699,2126,10533,6492,5045,0,2973,1649,15043,1739,1186,1787,1649,5759,4550,2963,1771,1149,443,147,79606,74976,42761,18873,40516,592,2071,2663,408,1652,2060,12982,1364,17356,1042,1187,2229,1619,1773,1042,1416,54,422,800,8,326,1355,220,159839,218478,0,0,378317,1134,558,0,0,15,14,0,19594420,14596434,0,0,34187412,44840,21442,0,0,1009,472,0,101968,128305,0,0,47349,67180,0,0,10514,21567,0,0,0,0,0,0,1392,0,0,8,34,0,0,21122424,8788247,732566,1
2021-08-28,22597,12,19492,268552,2551,10424,6856,5317,0,3188,1717,14876,1835,1262,1926,1717,5583,4539,2941,1813,1177,479,179,63708,71096,42761,18647,40516,547,2229,2776,429,1708,2137,12924,1410,16867,1042,1187,2229,1611,1773,1042,1462,46,438,824,8,335,1439,201,163673,210809,0,0,374482,1614,500,0,0,27,9,0,19765079,14807243,0,0,34561894,46480,21942,0,0,1038,481,0,104188,108314,0,0,46651,76945,0,0,12830,18525,0,0,0,0,0,0,6986,0,0,4,39,0,0,21167380,8590678,676982,0
2021-08-29,20579,7,20845,268001,2595,10009,5648,4922,0,3025,1638,13696,1560,1207,1818,1638,5614,3929,2446,1707,991,416,153,54462,54230,43042,18646,40797,544,2056,2600,277,1323,1600,13201,1524,17070,1042,1187,2229,1611,1773,1042,1419,55,435,799,52,324,1368,216,155072,178292,0,0,333364,1169,443,0,0,28,11,0,19927896,14985535,0,0,34895258,47668,22385,0,0,1070,492,0,107369,80257,0,0,35022,73969,0,0,12655,16305,0,0,0,0,0,0,7745,0,0,26,16,0,0,18305255,7710179,523916,0
2021-08-30,19268,16,21257,265718,2097,9325,5289,4654,0,2928,1597,12579,1650,1169,1759,1597,4929,3708,2380,1562,1048,427,175,93514,62893,43042,18828,40760,508,2049,2557,479,1500,1979,13162,1509,16962,1061,1205,2266,1620,1785,1041,1402,47,442,806,13,359,1427,182,196526,196232,0,0,392758,1859,437,0,0,19,17,0,20128685,15181767,0,0,35288016,49559,22822,0,0,1094,509,0,152639,100708,0,0,32848,70295,0,0,11007,20951,0,0,0,0,0,0,4263,0,0,32,15,0,0,21968425,8983661,761972,1
2021-08-31,20897,1,18465,267868,1454,9490,5831,5576,0,2947,1683,14057,1760,1188,1759,1683,5416,4150,2723,1768,1098,501,161,55573,67125,43042,18492,40760,614,2012,2626,344,1533,1877,12640,1654,17110,1049,1200,2249,1605,1767,1038,1419,52,477,778,9,390,1398,199,129502,158548,0,0,288050,1324,565,0,0,21,22,0,20260753,15340315,0,0,35576066,50908,23387,0,0,1119,531,0,103965,70667,0,0,16751,64290,0,0,8730,21010,0,0,0,0,0,0,2566,0,0,56,15,0,0,17938501,7482416,507457,0
2021-09-01,18762,5,21073,265279,2107,8298,4977,5487,0,2764,1491,12434,1658,1084,1680,1491,4651,3759,2375,1649,1044,451,163,96183,69043,43049,18613,40785,533,1809,2342,363,1339,1702,12686,1610,17792,1051,1180,2231,1585,1753,1036,1386,51,442,820,10,356,1433,213,202131,229614,4,0,431749,1942,666,0,0,23,28,0,20465634,15569929,4,0,36007815,52866,24053,0,0,1142,559,0,157288,107017,1,0,32097,98254,2,0,12348,21553,0,0,0,0,0,0,2750,0,0,398,40,1,0,22100719,9107928,789023,1
2021-09-02,20988,1,23473,262545,2142,9557,5168,6263,0,3064,1796,13868,1891,1176,1888,1796,5337,4056,2699,1776,1201,506,184,90232,70035,43152,18688,40899,600,2048,2648,400,1743,2143,12369,1639,18018,1053,1167,2220,1576,1767,1038,1355,53,444,768,11,322,1393,191,197416,207985,7,0,405408,2001,511,0,0,22,20,0,20666734,15777914,11,0,36413223,54886,24564,0,0,1168,579,0,160676,86815,1,0,23402,95858,6,0,13208,21605,0,0,0,0,0,0,3684,0,0,130,23,0,0,21950290,9066121,787650,0
2021-09-03,19378,14,22399,259194,2223,8598,4765,6015,0,2925,1549,12793,1689,1146,1779,1549,4704,3922,2511,1656,1042,449,198,77745,69765,43152,18659,40901,705,1930,2635,456,1584,2040,11650,1515,17944,1031,1191,2222,1585,1768,1045,1335,54,469,756,8,322,1336,198,157352,202610,2,0,359964,1772,937,0,0,17,30,0,20829992,15980524,13,0,36773187,56689,25501,0,0,1185,609,0,125375,63278,1,0,25595,111277,1,0,6293,22126,0,0,0,0,0,0,5906,0,0,89,23,0,0,22841557,9225679,787629,0
2021-09-04,19057,10,21582,256307,1760,8308,4536,6213,0,2842,1668,12309,1801,1145,1697,1668,4404,3706,2516,1683,1116,475,210,64085,68963,43152,18485,40911,587,2014,2601,340,1375,1715,12229,1659,17191,1031,1181,2212,1575,1768,1045,1321,49,449,764,2,418,1319,218,148336,188515,6,0,336857,1884,571,0,0,41,28,0,20985855,16169039,19,0,37110044,58624,26072,0,0,1230,637,0,114817,46760,6,0,24209,115440,0,0,9287,18774,0,0,0,0,0,0,7527,0,0,23,14,0,0,23180717,9072418,722517,1
2021-09-05,20396,8,20573,255794,2347,8851,4669,6876,0,3037,1622,13561,1869,1222,1815,1622,5085,4101,2556,1819,1183,508,178,56013,54484,43152,18257,40936,517,1847,2364,325,1389,1714,12021,1652,17544,1010,1177,2187,1542,1775,1050,1304,45,446,734,1,339,1384,174,146007,171237,3,0,317247,1837,544,0,0,22,36,0,21138957,16340276,22,0,37427291,60507,26616,0,0,1255,673,0,115790,42349,0,0,21399,102354,3,0,8795,19116,0,0,0,0,0,0,7095,0,0,23,323,0,0,21639697,8508217,601443,0
2021-09-06,17352,8,20201,252673,1758,7304,4077,5971,0,2654,1451,11349,1562,1099,1555,1451,4330,3461,2187,1371,993,427,142,96917,65402,42980,17885,40776,633,1939,2572,400,1723,2123,12015,1705,18153,992,1183,2175,1550,1786,1047,1291,64,435,741,4,337,1349,201,143555,200437,3,0,343995,2041,912,0,0,29,21,0,21285516,16540713,25,0,37771286,62582,27528,0,0,1284,694,0,118613,46952,1,0,19221,128553,2,0,5663,21884,0,0,0,1,0,0,3004,0,0,58,43,0,0,25068473,9673723,842515,1
2021-09-07,18547,18,18902,252007,2177,8142,4271,6134,0,2829,1559,12033,1717,1090,1739,1559,4513,3592,2298,1630,1092,462,163,89432,75120,43134,17855,40927,654,1985,2639,417,1531,1948,11935,1631,18233,989,1189,2178,1561,1786,1047,1278,40,501,728,3,389,1357,211,144695,207774,2,0,352471,2065,587,0,0,30,33,0,21432724,16748487,27,0,38123757,64668,28115,0,0,1314,727,0,122607,41144,0,0,19920,141916,2,0,2126,22136,0,0,0,0,0,0,2513,0,0,42,65,0,0,25209053,9753759,846603,1
2021-09-08,19733,3,22701,248678,2095,8191,4525,7017,0,2978,1593,13019,1856,1175,1803,1593,4981,3885,2512,1641,1131,545,180,85696,71053,43078,17894,40862,618,2003,2621,418,1696,2114,11823,1797,18286,989,1198,2187,1575,1824,1039,1253,38,466,740,4,350,1372,202,138829,213457,7,0,352293,7228,619,0,0,20,20,0,21573784,16961944,34,0,38476050,71919,28734,0,0,1334,747,0,110763,38133,0,0,24303,151463,7,0,3563,21588,0,0,0,0,0,0,2231,0,0,200,42,0,0,24857360,9714060,843360,0
2021-09-09,19307,6,24855,242808,1577,8020,4357,6930,0,2881,1597,12928,1704,1165,1716,1597,4988,3948,2393,1599,1067,459,178,77259,66662,43078,17493,40858,633,2152,2785,407,1679,2086,11637,1675,18011,989,1202,2191,1579,1824,1039,1271,42,430,732,2,346,1303,225,145683,208274,2,0,353959,12616,632,0,0,24,24,0,21723581,17170218,36,0,38830009,84566,29366,0,0,1358,771,0,118030,42655,0,0,23736,139576,2,0,3705,21911,0,0,0,0,0,0,4114,0,0,212,18,0,0,25301139,9823060,845985,1
2021-09-10,21176,4,21476,242167,2162,8436,4775,7965,0,3345,1814,13607,1986,1362,1983,1814,4997,4141,2640,1829,1197,581,208,69731,62490,43078,17352,40853,600,2093,2693,496,1626,2122,11492,1561,18374,989,1207,2196,1584,1824,1039,1280,44,522,777,11,353,1381,208,120055,198203,4,0,318262,19449,811,0,0,19,18,0,21849989,17368421,40,0,39148271,104049,30177,0,0,1382,789,0,97160,68925,2,0,19566,100614,2,0,3153,22285,0,0,0,0,0,0,6353,0,0,176,26,0,0,25357189,9798438,803545,0
2021-09-11,19550,7,21771,239354,2144,8186,4064,7300,0,3009,1650,12772,1797,1171,1838,1650,4695,3888,2554,1635,1150,463,184,58493,66155,43078,17326,40859,784,2094,2878,397,1795,2192,11325,1539,17808,989,1201,2190,1567,1824,1039,1233,42,501,726,7,375,1355,214,96680,190306,46,0,287032,20507,680,0,0,23,34,0,21954257,17558727,86,0,39435303,124594,30857,0,0,1409,823,0,76610,75912,44,0,18708,87847,2,0,1353,18925,0,0,0,0,0,0,7588,0,0,9,34,0,0,25564464,9634348,742515,0
2021-09-12,19198,5,20980,237280,1916,7477,3850,7871,0,2991,1686,12366,1914,1153,1838,1686,4796,3540,2336,1694,1231,509,174,48696,50964,43055,17342,40852,580,1928,2508,424,1770,2194,11492,1551,17911,989,1185,2174,1547,1824,1039,1237,36,506,719,5,373,1320,265,84557,166641,94,0,251292,15102,640,0,0,17,16,0,22044812,17725368,180,0,39686595,139725,31497,0,0,1426,839,0,69451,74917,50,0,13997,67081,44,0,1033,18629,0,0,0,0,0,0,5998,0,0,76,16,0,0,22760385,8847218,577107,0
2021-09-13,16073,21,24813,228127,1547,6303,3366,6404,0,2498,1391,10332,1562,992,1506,1391,3967,3070,1977,1318,965,425,172,84811,50451,43055,17133,40869,545,1786,2331,414,1579,1993,11252,1536,18383,986,1171,2157,1524,1824,1041,1194,39,535,684,3,366,1316,212,78666,173631,2,0,252299,5414,730,0,0,24,23,0,22127583,17898999,182,0,39938894,145173,32227,0,0,1453,862,0,61390,97516,2,0,16109,50703,0,0,1089,21302,0,0,0,0,0,0,4105,0,0,78,5,0,0,23943579,9534212,810313,0
2021-09-14,15669,17,18053,225280,1041,5991,3516,6162,0,2541,1318,10104,1476,1022,1519,1318,3693,3044,1931,1436,906,409,161,81900,66191,43055,17133,40883,672,1628,2300,374,1518,1892,11009,1559,18672,970,1173,2143,1509,1824,1047,1192,50,516,680,12,356,1302,217,78462,190044,3,0,268509,6282,900,0,0,27,18,0,22211743,18089043,185,0,40207403,151486,33127,0,0,1483,880,0,60423,108573,0,0,17317,56849,3,0,720,18906,0,0,0,0,0,0,5698,0,0,2,18,0,0,25203956,9883271,848951,1
2021-09-15,19495,11,18760,225593,1389,7515,3521,8459,0,3201,1712,12409,1952,1280,1921,1712,4502,3796,2412,1699,1216,544,192,79454,62947,43055,17155,40826,580,1817,2397,407,1597,2004,10737,1518,19085,964,1236,2200,1589,1824,1063,1238,42,479,630,8,362,1295,222,74774,199722,6,0,274502,7268,899,0,0,35,20,0,22290230,18288765,191,0,40481905,158776,34026,0,0,1518,900,0,60596,116410,2,0,13107,58255,4,0,1069,21338,0,0,0,0,0,0,3713,0,0,2,6,0,0,25211945,9885069,849385,0
2021-09-16,18815,7,16939,227123,1627,7026,3830,7959,0,3036,1528,12191,1792,1213,1823,1528,4430,3795,2338,1628,1132,484,176,47522,48838,42883,17012,40666,586,1687,2273,352,1448,1800,10537,1396,18584,964,1224,2188,1600,1824,1063,1182,51,497,695,14,352,1276,217,66462,154704,1,0,221167,19610,746,0,0,228,21,0,22359792,18443469,192,0,40703072,178412,34772,0,0,1746,921,0,55585,83005,1,0,10442,45414,0,0,435,23170,0,0,0,0,0,0,3100,0,0,0,15,0,0,22402145,8729379,620616,0
2021-09-17,17577,3,22970,221343,1742,6503,3810,7264,0,2590,1417,11621,1668,1027,1563,1417,4322,3525,2243,1531,1037,450,181,66469,40675,43055,17028,40838,573,1627,2200,483,1198,1681,10414,1247,18991,964,1224,2188,1600,1824,1064,1160,44,481,702,6,337,1226,247,81272,182604,6,0,263882,32513,1075,0,0,399,19,0,22444561,18626073,198,0,40966954,210977,35847,0,0,2145,940,0,69820,104456,1,0,10847,52124,5,0,605,22497,0,0,0,0,0,0,3497,0,0,0,30,0,0,24948682,9783455,804856,0
2021-09-18,15549,5,17205,219363,1251,5572,3270,6707,0,2429,1321,9981,1595,954,1475,1321,3678,2992,1914,1397,952,462,181,53716,51101,43055,17028,40838,525,1472,1997,322,1417,1739,10140,1249,18231,964,1224,2188,1600,1824,1064,1144,20,491,678,12,343,1198,269,79130,176454,1,0,255585,31224,1316,0,0,421,31,0,22528254,18802527,199,0,41222539,242218,37163,0,0,2568,971,0,68341,104315,0,0,10060,48762,1,0,695,18803,0,0,32,0,0,0,4563,0,0,2,11,0,0,24357098,9453119,739147,0
2021-09-19,14954,11,23469,210472,1216,5555,2925,6474,0,2353,1233,9644,1467,945,1408,1233,3501,2938,1846,1359,898,428,141,70816,38498,43055,17067,40838,451,1399,1850,394,1230,1624,10058,1206,18809,964,1224,2188,1600,1824,1064,1144,47,492,652,10,364,1242,250,66684,172598,1,0,239283,29326,1029,0,0,376,22,0,22598060,18975125,200,0,41461822,271566,38192,0,0,2944,993,0,58076,110399,1,0,8425,38521,0,0,155,20549,0,0,28,0,0,0,3122,0,0,0,7,0,0,21976784,8730961,577494,0
2021-09-20,14345,43,16814,207702,1157,5148,2655,6542,0,2321,1244,9073,1500,882,1439,1244,3360,2724,1715,1274,928,424,148,120160,45337,43055,16674,40890,411,1527,1938,337,1379,1716,10130,1180,19010,935,1205,2140,1523,1865,1038,1099,53,460,617,16,291,1219,249,101572,211569,2,0,313143,56341,1452,0,0,501,19,0,22702225,19186694,202,0,41774965,327921,39644,0,0,3445,1012,0,91309,149944,0,0,9991,36591,2,0,166,22417,0,0,104,0,0,0,2593,0,0,2,24,0,0,25665903,10035506,846015,1
2021-09-21,15759,27,16650,206477,1223,5519,2855,7385,0,2451,1399,10017,1611,935,1516,1399,3687,3051,1843,1436,968,461,182,110875,52789,43145,16698,40989,458,1446,1904,437,1749,2186,9521,1077,18880,933,1198,2131,1486,1996,933,1076,40,491,628,7,324,1284,224,127658,148586,5,0,276249,83920,1086,0,0,419,15,0,22833634,19335280,207,0,42051214,411849,40730,0,0,3864,1027,0,119183,103986,3,0,7755,20389,2,0,592,20439,0,0,127,0,0,0,3751,0,0,1,21,0,0,25011981,9934764,843031,0
2021-09-22,14990,5,19702,201278,991,5290,2824,6876,0,2471,1264,9538,1523,994,1477,1264,3462,2884,1892,1300,968,405,150,127625,48687,43145,16713,40997,557,1530,2087,356,1387,1743,9121,1247,19617,926,1197,2123,1511,2040,908,1073,41,482,609,6,320,1269,223,126918,214933,3,0,341854,85055,1418,0,0,563,22,0,22965688,19550213,210,0,42393068,496916,42148,0,0,4429,1049,0,118691,153936,0,0,8052,34245,3,0,44,21586,0,0,130,0,0,0,5136,0,0,1,30,0,0,25592458,10030592,859320,0
2021-09-23,13754,4,16628,198288,1111,5122,2240,6392,0,2354,1098,8850,1371,902,1452,1098,3120,2672,1763,1295,852,383,136,95700,47797,42973,16782,40813,583,1372,1955,352,1397,1749,8829,1320,19439,933,1201,2134,1498,2190,685,1073,44,511,607,8,325,1278,165,139345,209201,2,0,348548,95091,1516,0,0,653,17,0,23107210,19759414,212,0,42741616,592035,43664,0,0,5083,1066,0,131364,159284,0,0,7723,26459,2,0,58,21264,0,0,200,0,0,0,2177,0,0,0,17,0,0,26176318,10181372,860844,1
2021-09-24,14554,9,16751,195841,1079,5045,2268,7241,0,2334,1278,9269,1528,918,1416,1278,3260,2784,1884,1341,966,427,135,96182,45678,43025,16909,40850,658,1365,2023,343,1319,1662,8731,1428,19172,932,1217,2149,1495,2267,619,1031,24,520,584,11,356,1256,146,123634,169048,2,0,292684,87771,1340,0,0,1099,18,0,23232071,19928462,214,0,43034300,679819,45004,0,0,6183,1084,0,116059,120279,1,0,7361,27688,1,0,77,19838,0,0,136,1,0,0,1227,0,0,1,15,0,0,26767619,10245556,818390,0
2021-09-25,13899,6,18074,191438,898,5015,1961,6923,0,2276,1176,8648,1546,904,1372,1176,3145,2658,1635,1210,901,481,164,72649,40470,43025,16474,40817,573,1379,1952,425,1281,1706,8578,1333,18354,932,1249,2181,1532,2311,545,1029,41,535,589,9,362,1275,160,120216,158536,5,0,278757,91884,1510,0,0,1219,45,0,23354635,20086998,219,0,43313057,771730,46514,0,0,7411,1129,0,114305,111252,2,0,5287,26922,3,0,557,17998,0,0,67,0,0,0,2348,0,0,0,16,0,0,27451761,10123433,756626,0
2021-09-26,13104,8,20971,183293,825,4409,2035,6660,0,2128,1140,8275,1398,907,1221,1140,3074,2496,1502,1203,856,404,138,59169,35642,43025,16677,40811,540,1222,1762,330,1015,1345,8423,1370,18452,917,1254,2171,1518,2304,533,1003,38,532,557,16,351,1257,153,121200,162736,7,0,283943,94196,1523,0,0,635,27,0,23477675,20249734,226,0,43597000,865941,48037,0,0,8046,1156,0,115052,112752,6,0,5634,24306,1,0,465,23826,0,0,49,0,0,0,1840,0,0,0,12,0,0,24038686,9210042,585338,0
2021-09-27,10959,12,16430,177564,797,3706,1529,5724,0,1761,947,6804,1356,744,1017,947,2405,2065,1340,994,830,348,178,118000,39722,43025,16715,40799,510,1287,1797,275,1286,1561,8191,1364,18910,915,1268,2183,1522,2308,521,931,37,511,558,11,327,1249,176,176245,162249,5,0,338499,142663,1641,0,0,452,23,0,23654989,20411983,231,0,43935499,1008615,49678,0,0,8499,1179,0,170105,115516,3,0,5712,22203,2,0,330,23445,0,0,95,0,0,0,1069,0,0,3,16,0,0,26456744,10266633,847300,1
2021-09-28,11332,23,14160,174496,715,3799,1632,5901,0,1870,995,7107,1279,739,1131,995,2532,2180,1379,1016,786,355,138,105105,47090,42073,16679,39876,583,1297,1880,370,1194,1564,7903,1375,18681,916,1252,2168,1522,2310,519,977,0,527,559,0,333,1226,161,174013,170779,9,0,344801,142929,1766,0,0,680,29,0,23831601,20582762,240,0,44280300,1151560,51444,0,0,9179,1208,0,168617,121753,8,0,4983,22675,1,0,355,23699,0,0,57,0,0,0,2599,0,0,1,53,0,0,26541913,10293712,859475,1
2021-09-29,12434,8,17000,169722,710,3975,1660,6799,0,1896,959,7983,1448,796,1100,959,2859,2444,1490,1190,877,420,151,99474,46182,42073,16619,39882,526,1359,1885,362,1171,1533,7813,1372,18934,924,1238,2162,1510,2364,466,970,0,548,562,0,332,1215,163,197335,158585,6,0,355926,168016,6410,0,0,961,19,0,24030326,20741347,246,0,44636226,1319583,57854,0,0,10142,1227,0,191629,113363,1,0,4820,24204,5,0,764,19608,0,0,120,0,0,0,1390,0,0,2,20,0,0,26994270,10405512,859464,1
2021-09-30,12735,17,17725,164540,764,4141,1694,6900,0,2155,1134,7954,1330,860,1295,1134,2809,2429,1521,1195,816,389,125,96673,43082,42073,16471,39870,584,1077,1661,404,1251,1655,7611,1302,19108,920,1254,2174,1518,2365,466,917,0,535,507,0,328,1183,125,171624,172571,17,0,344212,144384,11752,0,0,526,49,0,24205810,20913918,263,0,44980438,1463977,69606,0,0,10691,1276,0,165920,121913,14,0,5273,25934,3,0,287,20779,0,0,143,0,0,0,3860,0,0,1,85,0,0,27815729,10539569,864459,0
2021-10-01,11889,14,15891,160417,868,3748,1504,6636,1,1985,982,7492,1293,832,1153,982,2632,2254,1443,1163,784,385,124,100825,37382,42073,16415,39870,547,1245,1792,363,1062,1425,7360,1294,18564,921,1253,2174,1517,2365,466,893,0,559,484,0,336,1141,150,105852,143609,21,0,249482,86809,18019,0,0,270,17,0,24313270,21057527,284,0,45229920,1550788,87625,0,0,10961,1293,0,102345,87195,17,0,3274,19827,4,0,87,34957,0,0,138,1,0,0,1608,0,0,8,21,0,0,28980407,10702331,829764,0
2021-10-02,10915,7,15396,155827,656,3650,1329,5936,0,1869,941,6802,1200,716,1153,941,2386,2062,1330,1024,728,348,124,67827,34369,42073,16415,39870,521,1081,1602,326,1068,1394,7172,1311,18045,921,1253,2174,1517,2365,466,883,0,552,480,0,316,1149,127,92890,131399,6,0,224295,82162,19355,0,0,269,19,0,24407935,21188926,290,0,45454215,1632957,106980,0,0,11230,1312,0,89376,76861,5,0,3276,19584,1,0,119,33150,0,0,116,0,0,0,1775,0,0,3,29,0,0,30592905,10698178,761095,0
2021-10-03,9066,12,14454,150321,388,2911,1136,5019,0,1624,832,5381,1062,659,965,832,1926,1566,1039,850,666,272,124,70297,27174,42073,16415,39877,532,1030,1562,351,1047,1398,7441,1466,18204,924,1243,2167,1513,2370,466,853,0,539,473,0,319,1156,128,99576,119064,7,0,218647,87655,15219,0,0,316,25,0,24508284,21307990,297,0,45672862,1720618,122199,0,0,11546,1337,0,96454,70760,6,0,2969,13919,1,0,17,33598,0,0,133,0,0,0,773,0,0,3,14,0,0,28330088,10079224,607347,0
2021-10-04,8075,6,15456,142864,731,2641,1091,4343,0,1315,636,5063,979,517,798,636,1845,1493,945,780,594,291,94,141200,35180,42073,16342,39879,502,992,1494,343,1054,1397,7031,1352,19261,928,1237,2165,1520,2456,405,863,0,551,458,0,326,1080,149,130194,106832,122,0,237148,111715,5301,0,0,508,28,0,24640014,21414822,419,0,45910010,1832337,127500,0,0,12055,1365,0,126152,63203,120,0,3746,14795,2,0,149,27283,0,0,142,0,0,0,1536,0,0,5,15,0,0,28597344,10713530,875488,1
2021-10-05,8817,14,15615,135949,619,2577,1078,5162,0,1344,681,5631,1047,544,800,681,2012,1694,1068,857,633,300,114,113545,44228,42073,16239,39879,644,1079,1723,371,1066,1437,6893,1342,19310,928,1237,2165,1516,2456,405,841,0,529,438,0,327,1112,159,126115,109029,107,0,235251,105969,6230,0,0,389,29,0,24768310,21523851,526,0,46145261,1938323,133730,0,0,12444,1394,0,122286,62475,103,0,3571,17401,4,0,136,26945,0,0,119,0,0,0,2181,0,0,3,27,0,0,28991261,10785507,887285,1
2021-10-06,9380,13,13045,132179,426,2922,1051,5407,0,1596,761,5888,1064,661,935,761,2093,1773,1102,920,630,324,110,110446,39793,42075,16315,39874,566,1070,1636,410,1050,1460,6801,1296,19791,927,1245,2172,1518,2455,405,843,0,535,442,0,341,1241,148,115745,104194,41,0,219980,98122,7879,0,0,417,61,0,24886561,21628045,567,0,46365241,2036462,141609,0,0,12862,1455,0,112231,63543,39,0,3172,13461,2,0,168,24657,0,0,171,0,0,0,2506,0,0,3,27,0,0,28902108,10762592,889917,1
2021-10-07,9890,18,12884,129053,697,3029,1147,5714,0,1665,773,6175,1215,666,999,773,2145,1887,1224,919,691,361,163,100153,35360,42075,16031,39906,578,1079,1657,319,1039,1358,6631,1310,19713,927,1213,2140,1476,2455,405,831,0,560,443,0,344,1127,93,110200,95310,67,0,205577,91599,18385,0,0,331,176,0,24998862,21723355,634,0,46570818,2128066,159994,0,0,13194,1631,0,106109,56826,67,0,3854,10946,0,0,22,25424,0,0,210,0,0,0,2101,0,0,5,13,0,0,29221297,10867785,892105,0
2021-10-08,9751,15,12724,126002,382,2938,1046,5767,0,1669,762,6038,1181,630,1039,762,2048,1960,1115,915,729,338,114,90455,32691,42075,16074,39906,585,1104,1689,353,1077,1430,6638,1251,19363,927,1213,2140,1476,2455,405,791,0,533,385,0,361,1105,123,76036,108333,613,0,184982,62139,29879,0,0,248,276,0,25076670,21831688,1247,0,46755800,2190209,189873,0,0,13444,1907,0,71911,68792,608,0,3871,12385,5,0,26,25336,0,0,221,0,0,0,1772,0,0,7,48,0,0,30656128,11071380,848129,0
2021-10-09,8743,14,14422,120249,621,2600,951,5192,0,1603,720,5276,1075,638,965,720,1858,1641,965,812,597,336,142,67260,28749,41837,15975,39688,616,987,1603,375,995,1370,6541,1301,18817,927,1209,2136,1481,2455,405,777,0,520,418,0,347,1101,131,41138,110924,22,0,152084,32362,28992,0,0,211,300,0,25119274,21942612,1269,0,46907884,2222576,218865,0,0,13655,2207,0,38162,61614,4,0,2733,13421,18,0,78,34355,0,0,164,23,0,0,1466,0,0,1,45,0,0,31901725,10970501,772068,0
2021-10-10,7373,2,10959,116599,334,2125,773,4474,1,1346,542,4511,929,551,795,542,1546,1389,851,725,555,256,118,67441,24980,41837,16005,39692,555,989,1544,410,855,1265,6492,1231,19115,925,1207,2132,1477,2455,405,759,0,554,408,0,356,1114,102,33131,104426,5,0,137562,24218,30060,0,0,191,312,0,25153242,22047038,1274,0,47045446,2246809,248925,0,0,13846,2519,0,30769,59910,3,0,2183,10316,2,0,15,33314,0,0,162,28,0,0,837,0,0,2,21,0,0,29335877,10328554,611135,0
2021-10-11,6709,6,10833,112382,282,1952,669,4087,1,1180,493,4087,912,467,713,493,1314,1273,839,661,523,284,105,128940,32291,41837,15823,39782,506,882,1388,399,766,1165,6464,1158,19517,911,1131,2042,1380,2488,376,756,0,537,397,0,346,1083,105,54234,142519,42,0,196795,40201,51175,0,0,160,376,0,25209338,22189557,1316,0,47242241,2287021,300100,0,0,14007,2895,0,50913,89381,40,0,3032,12012,2,0,87,39131,0,0,201,104,0,0,1862,0,0,1,29,0,0,29362255,10926787,879374,1
2021-10-12,7276,10,10555,109000,379,2037,768,4470,1,1192,579,4507,908,507,685,579,1546,1383,909,669,523,278,107,108487,39859,41837,15798,39782,667,1090,1757,457,967,1424,6294,1211,20057,911,1131,2042,1380,2488,376,738,0,545,386,0,325,1063,105,57441,160217,195,0,217853,43167,81786,0,0,185,321,0,25268591,22349774,1511,0,47460094,2330198,381886,0,0,14192,3216,0,54068,119524,57,0,3142,10671,138,0,72,28061,0,0,158,126,0,0,1812,0,0,1,23,0,0,29230419,10938403,889096,1
2021-10-13,7950,29,10832,106050,500,2166,782,5002,0,1277,495,5006,1026,555,722,495,1730,1551,982,743,580,289,157,102738,33077,41837,15831,39772,641,1025,1666,380,949,1329,6336,1119,20512,897,1127,2024,1394,2434,374,722,0,493,380,0,296,1042,85,53300,162686,2220,0,218206,38819,78925,0,0,184,409,0,25323408,22512460,3731,0,47678300,2369029,460811,0,0,14376,3625,0,50280,115776,2203,0,2745,10467,17,0,52,34758,0,0,220,136,0,0,1517,0,0,3,32,0,0,29767155,11005026,893008,1
2021-10-14,8084,21,12456,101590,352,2323,706,5055,0,1414,545,5019,1047,536,878,545,1746,1497,1031,745,644,274,129,103319,29021,41837,15376,39770,708,1362,2070,417,811,1228,6266,1230,20506,897,1129,2026,1382,2437,374,702,0,538,367,0,323,1076,122,42373,171433,3330,0,217136,27492,90175,0,0,213,536,0,25367896,22683893,7061,0,47895436,2396539,550986,0,0,14589,4161,0,39037,131994,3306,0,2945,9528,17,0,55,27550,7,0,334,184,0,0,2115,0,0,2,62,0,0,29428703,11003118,888636,0
2021-10-15,7420,17,10145,98776,416,2178,584,4658,0,1342,423,4664,944,553,789,423,1560,1588,849,667,566,286,92,107665,30144,41837,15356,39773,633,975,1608,436,957,1393,5970,1203,20037,898,1125,2023,1382,2432,374,703,0,567,366,0,331,1045,106,37304,138513,10421,0,186238,25323,81635,0,0,198,764,0,25407106,22822406,17482,0,48081674,2421881,632621,0,0,14788,4925,0,34020,111136,10378,0,3048,8685,30,0,28,16604,13,0,201,127,0,0,1906,0,0,7,55,0,0,30874125,11197119,843137,1
2021-10-16,7509,16,9531,96666,327,2152,581,4776,0,1244,468,4799,876,526,718,468,1684,1492,930,693,516,241,119,78217,27311,41837,15380,39773,613,862,1475,509,839,1348,5576,1212,19316,898,1125,2023,1382,2431,374,694,0,513,344,0,320,1040,107,16464,118294,3627,1,138386,11192,76635,0,0,84,754,0,25424278,22940700,21109,1,48220060,2433076,709256,0,0,14872,5679,0,14146,97606,3599,1,2066,5318,28,0,10,14558,0,0,241,74,0,0,708,0,0,1,30,0,0,31764101,11064336,772144,0
2021-10-17,6145,12,9231,93517,402,1794,500,3851,0,1117,365,3836,773,459,658,365,1302,1197,734,603,484,200,89,69974,18708,41837,15380,39773,543,801,1344,361,714,1075,5760,1150,19352,898,1125,2023,1378,2431,374,688,0,549,348,0,331,1066,132,17050,123021,2732,0,142803,12080,88786,0,0,46,398,0,25442580,23063721,23841,1,48362863,2445159,798042,0,0,14918,6077,0,15296,108151,2730,0,1557,4929,2,0,3,8632,0,0,194,40,0,0,1252,0,0,0,17,0,0,29087934,10385623,605013,0
2021-10-18,5434,5,8435,90444,356,1441,440,3553,0,892,317,3497,700,388,504,317,1164,1131,675,527,422,194,84,127751,28023,41837,15352,39773,511,1369,1880,418,783,1201,5933,1085,19640,898,1125,2023,1382,2433,374,679,0,559,347,0,389,1010,119,33121,175027,9232,0,217380,21281,130262,0,0,82,257,0,25476965,23238748,33073,1,48580243,2466446,928304,0,0,15000,6334,0,29736,158073,9199,0,3030,5741,32,0,15,9806,1,0,330,88,0,0,1264,0,0,10,55,0,0,30140880,11118633,873230,1
2021-10-19,5745,12,8933,87187,219,1620,405,3720,0,947,305,3725,711,390,557,305,1243,1174,717,591,414,210,87,72466,29720,41837,15352,39778,693,826,1519,402,891,1293,5444,1139,19725,897,1121,2018,1388,2431,374,676,0,564,330,0,361,988,162,15212,123564,1411,1,140188,8429,95463,1,0,43,369,0,25493166,23362312,34484,2,48720431,2474882,1023767,1,0,15045,6703,0,13214,112486,1410,1,1801,2381,1,0,2,7646,0,0,193,36,0,0,989,0,0,2,26,0,0,28154118,10334133,706017,0
2021-10-20,5516,14,9401,83226,206,1396,369,3749,2,884,271,3590,741,386,498,271,1182,1133,711,564,447,218,76,121657,25985,41837,15148,39795,522,706,1228,392,695,1087,5372,1099,20138,893,1108,2001,1357,2431,374,666,0,565,329,0,353,1055,134,31130,220939,17337,1,269407,18407,175809,0,0,100,871,0,25525598,23583251,51821,3,48989838,2493300,1199576,1,0,15146,7574,0,28483,204492,17309,1,2293,4859,21,0,84,10087,1,0,263,155,6,0,1302,0,0,7,44,0,0,27336429,10682293,875715,1
2021-10-21,6210,42,7562,81778,303,1645,432,4126,7,1071,339,3949,826,438,633,339,1273,1270,809,597,527,205,94,104199,32533,41837,15270,39795,539,827,1366,350,840,1190,5111,1083,20436,893,1108,2001,1357,2431,374,666,0,584,306,0,357,1033,136,32712,194682,20584,0,247978,18967,149013,0,0,113,392,0,25559955,23777933,72405,3,49237816,2512278,1348589,1,0,15260,7966,0,29503,175413,20564,0,2865,5539,12,0,8,11918,2,0,330,125,3,0,1645,3,0,6,42,0,0,29620661,11120965,890940,1
2021-10-22,6630,15,7630,80700,250,1767,426,4431,6,1167,303,4252,851,476,691,303,1389,1377,829,657,522,238,91,95869,27971,41740,15068,39715,607,710,1317,411,806,1217,5403,1171,19969,892,1092,1984,1357,2431,374,643,0,550,320,0,377,1029,152,28114,120191,18889,0,167194,17069,89043,0,0,95,256,0,25590121,23898124,91294,3,49405010,2529354,1437632,1,0,15358,8222,0,25083,106762,18837,0,2720,4201,51,0,8,7032,1,0,288,125,0,0,2052,0,0,15,19,0,0,30669726,11225960,847632,0
2021-10-23,5828,7,9178,77308,256,1610,370,3840,8,1042,286,3711,740,428,614,286,1163,1230,765,553,451,218,71,69350,26648,41868,15120,39843,539,738,1277,398,730,1128,5051,1140,19573,892,1092,1984,1357,2431,374,619,0,589,296,0,377,1055,96,11991,100896,8386,1,121274,6745,81175,0,0,79,342,0,25602704,23999020,99680,4,49526284,2536103,1518807,1,0,15437,8564,0,10080,89413,8374,1,1713,3986,9,0,4,6773,2,0,187,98,1,0,592,0,0,7,34,0,0,31099883,10982662,773260,0
2021-10-24,5666,20,6978,75950,148,1595,337,3718,16,1072,293,3543,733,446,626,293,1136,1181,681,545,437,217,79,70615,19683,41868,15120,39843,560,658,1218,466,579,1045,5129,1207,20110,892,1092,1984,1357,2431,374,603,0,589,300,0,375,1006,136,11469,112265,8627,1,132362,5909,92606,0,0,60,262,0,25615073,24111285,108307,5,49658646,2542019,1611413,1,0,15497,8826,0,9239,101923,8618,1,2045,2742,1,0,12,6577,1,0,167,90,0,0,900,7,0,6,33,0,0,29489172,10516959,609278,0
2021-10-25,4782,15,7414,73226,109,1326,257,3190,9,928,227,2944,651,370,558,227,957,946,574,467,407,195,49,130924,27173,41868,15120,39851,564,665,1229,344,665,1009,5101,1247,20706,892,1084,1976,1350,2426,374,602,0,577,300,0,398,1041,125,24083,146934,22346,2,193365,15008,118621,2,0,83,391,0,25640495,24258219,130653,7,49852011,2557033,1730034,3,0,15580,9217,0,21640,134989,22328,2,2151,4356,13,0,4,6111,5,0,279,126,0,0,1339,0,0,9,13,0,0,30125247,11135489,874733,1
2021-10-26,5726,15,5607,73261,210,1464,299,3955,8,996,263,3656,741,414,582,263,1198,1187,677,594,457,196,88,103247,33134,41824,15068,39807,652,688,1340,418,692,1110,4947,1230,21262,892,1084,1976,1350,2426,374,584,0,632,305,0,426,1028,127,25204,142015,22782,4,190005,14839,112080,2,0,91,296,0,25666831,24400234,153435,11,50042016,2571880,1842114,5,0,15671,9513,0,22707,129659,22743,4,2206,6154,29,0,5,4905,6,0,257,131,0,0,1132,4,0,29,34,0,0,30322123,11157114,891530,1
2021-10-27,6148,21,7595,71716,200,1616,309,4205,18,1082,271,3940,809,459,623,271,1266,1312,787,575,499,222,88,102113,32248,41210,14855,39241,648,709,1357,407,752,1159,4952,1218,20443,896,1060,1956,1325,2428,374,562,0,596,292,0,415,1023,138,19727,128670,28294,9,176700,11143,101478,2,0,65,257,0,25687881,24528904,181729,20,50218716,2583032,1943592,7,0,15736,9770,0,17373,117259,28238,9,1971,5941,40,0,5,3906,12,0,368,193,4,0,1323,0,0,10,48,0,0,30255528,11072180,891424,1
2021-10-28,6377,32,6637,71361,231,1748,279,4331,19,1138,289,4081,828,456,682,289,1438,1282,768,593,480,248,100,92349,27749,41256,14859,39267,600,667,1267,394,672,1066,4848,1084,20929,896,1080,1976,1346,2428,374,564,0,598,299,0,404,970,136,19878,120989,53144,589,194600,10305,94900,6,0,93,223,0,25709075,24649893,234873,609,50413316,2593345,2038492,13,0,15829,9993,0,17632,110528,52972,586,1967,5792,115,1,7,3124,6,0,257,197,43,0,1316,0,0,15,32,8,2,30194322,11137944,891163,0
2021-10-29,6060,13,7297,70061,200,1548,262,4223,27,1071,263,3905,757,425,646,263,1311,1231,774,589,458,223,76,84734,26856,41256,14859,39267,510,689,1199,392,636,1028,4802,1149,20628,896,1080,1976,1346,2436,374,567,0,574,300,0,402,970,130,15612,84597,45784,288,146281,8073,65503,2,0,61,175,0,25725398,24734490,280657,897,50559597,2601421,2103995,15,0,15890,10168,0,13325,77409,45677,286,2002,4319,81,2,1,1932,1,0,279,196,19,0,711,1,0,5,30,5,0,32360475,11459012,846869,0
2021-10-30,5854,13,6715,69156,274,1582,278,3980,14,1023,266,3779,744,416,607,266,1255,1211,749,564,449,229,66,69825,25704,41256,14859,39284,558,674,1232,439,708,1147,4735,1037,19952,896,1063,1959,1340,2436,374,570,0,595,293,0,406,986,96,7205,51997,21126,107,80435,3083,36863,5,0,109,195,0,25733158,24786487,301783,1004,50640032,2604512,2140858,20,0,15999,10363,0,5122,43820,21038,104,1863,3199,65,1,0,4251,0,0,217,154,20,2,555,1,0,3,18,2,0,33230399,11265543,767091,0
2021-10-31,4979,23,6127,67972,121,1264,182,3510,23,855,194,3241,685,364,491,194,1038,1037,639,527,419,194,72,75241,18888,41256,14859,39284,616,674,1290,392,558,950,4839,1119,19922,896,1063,1959,1340,2441,374,562,0,600,326,0,407,1006,117,6557,44110,16999,78,67744,3161,29930,3,0,52,126,0,25740121,24830597,318782,1082,50707776,2607679,2170788,23,0,16051,10489,0,4824,36323,16947,78,1576,2232,42,0,1,5001,1,0,155,136,5,0,406,0,0,1,12,4,0,32448407,10956456,610600,0
2021-11-01,4626,6,5299,67236,144,1186,159,3257,24,818,151,2976,646,306,512,151,988,943,607,438,384,179,83,139221,26971,41095,14843,39113,481,589,1070,306,614,920,4655,1091,20091,896,1082,1978,1340,2441,374,569,0,613,301,0,429,1012,101,9730,58475,44714,224,113143,3895,40803,11,0,40,110,1,25750398,24889072,363496,1306,50820919,2611578,2211591,34,0,16091,10599,1,7765,50672,44535,223,1666,3451,156,0,4,3583,0,0,293,208,15,1,547,0,0,2,14,8,0,30367454,11147693,874054,1
2021-11-02,5071,15,5372,66865,146,1314,182,3539,36,829,175,3291,715,351,478,175,1110,1069,589,523,439,204,72,101851,28234,41223,14767,39243,560,698,1258,400,710,1110,4685,1159,20873,893,1074,1967,1336,2441,374,559,0,595,299,0,409,1013,140,9680,59217,57878,304,127079,3442,42636,15,0,43,108,0,25760863,24948289,421374,1610,50947998,2615021,2254227,49,0,16134,10707,1,8059,52622,57580,302,1281,3620,262,1,8,2015,0,0,331,154,15,1,785,1,0,1,21,20,0,31852372,11351618,889621,1
2021-11-03,5291,7,4947,67163,149,1361,175,3718,37,884,199,3513,643,347,537,199,1188,1146,656,523,426,150,67,92954,30027,41223,14767,39245,564,664,1228,408,624,1032,4677,1085,20873,893,1072,1965,1334,2441,374,546,0,597,286,0,407,1076,103,8675,45227,65657,266,119825,2987,28136,28,0,31,116,0,25770013,24993516,487031,1876,51067823,2618010,2282363,77,0,16165,10823,1,7000,40061,65138,266,1362,3160,462,0,0,1264,1,0,308,252,31,0,475,0,0,5,15,25,0,33423823,11555205,882448,1
2021-11-04,5713,32,5865,66947,162,1444,156,4060,53,1004,191,3734,734,389,615,191,1187,1258,724,565,432,216,86,54017,23807,41223,14767,39245,526,700,1226,415,675,1090,4580,1050,20395,893,1072,1965,1334,2441,374,555,0,611,280,0,432,984,139,3124,19711,21434,77,44346,1116,11426,21,0,21,66,0,25773379,25013227,508465,1953,51112169,2619128,2293789,98,0,16186,10889,1,2249,15831,21217,77,751,1789,215,0,0,1570,0,0,124,272,1,0,242,0,0,0,7,1,0,30655381,10600001,650911,0
2021-11-05,4922,10,5579,66243,154,1198,115,3564,45,824,173,3215,677,342,482,173,1087,1014,633,481,421,191,65,70141,21955,41223,14760,39274,489,560,1049,373,593,966,4613,1031,20030,888,1048,1936,1290,2446,374,549,0,621,282,0,400,945,139,5903,32046,48466,163,86578,1775,18193,28,0,32,136,0,25779457,25045273,556931,2116,51198747,2620906,2311982,126,0,16218,11025,1,4432,25856,47953,159,1257,3414,446,4,0,2407,0,0,212,187,50,0,175,0,0,2,7,17,0,32039498,11242935,781268,0
2021-11-06,4701,28,5382,65508,112,1240,116,3277,68,847,164,2999,686,352,495,164,983,977,588,451,414,204,68,62833,27663,41223,14742,39274,554,564,1118,373,636,1009,4402,1068,27302,888,1048,1936,1290,2446,374,544,0,596,280,0,393,998,120,5023,14078,25809,124,45034,1789,6564,16,0,27,75,0,25784709,25059351,582740,2240,51243781,2622696,2318546,142,0,16245,11100,1,3382,9098,25299,98,1426,1992,478,26,56,2550,1,0,155,205,27,0,229,0,0,4,4,4,0,33932645,11429397,746795,0
2021-11-07,4343,9,5190,64626,124,1134,76,3073,60,711,150,2820,604,289,422,150,950,891,519,460,392,166,46,85039,19715,41223,14704,39274,529,607,1136,423,565,988,3929,1077,19475,888,1048,1936,1285,2450,374,554,0,622,272,0,408,1058,96,3747,14874,22718,68,41407,1193,7895,13,0,16,34,0,25788658,25074225,605458,2308,51285188,2623891,2326441,155,0,16261,11134,1,2463,11711,22279,67,1184,1592,421,1,0,1243,0,0,98,115,14,0,202,0,0,2,11,4,0,31396938,10856514,595999,1
2021-11-08,4543,15,7348,61763,80,1139,89,3270,45,762,150,2924,667,312,450,150,936,971,565,452,428,185,54,145340,26033,41407,14663,39459,520,572,1092,309,580,889,4421,1065,20453,887,1048,1935,1276,2450,374,534,0,596,263,0,413,1025,102,6694,45993,60313,229,113229,2133,31885,11,0,44,111,0,25795660,25120218,665771,2537,51398417,2626026,2358326,166,0,16305,11245,1,5312,40961,59700,225,1215,3351,584,4,3,1060,1,0,160,299,18,0,308,0,0,4,14,10,0,22238497,8587695,783341,1
2021-11-09,5403,25,5311,61777,134,1445,122,3774,62,948,208,3540,657,366,582,208,1181,1130,665,564,398,180,79,136390,35710,41407,14707,39457,637,674,1311,372,677,1049,4394,1106,21257,887,1050,1937,1278,2454,374,542,0,602,268,0,420,1031,116,8358,31954,79257,333,119902,2600,22003,9,0,49,42,0,25804465,25152172,745028,2870,51518319,2628631,2380329,175,0,16354,11287,1,6724,28132,78595,329,1388,2401,593,2,1,752,0,0,242,220,30,0,447,0,0,3,2,39,2,27840983,10288458,866643,1
2021-11-10,6243,24,5068,62893,247,1479,147,4536,81,1015,207,4208,812,395,620,207,1332,1451,833,592,528,215,69,121900,35934,41407,14707,39485,608,704,1312,413,579,992,4467,1147,21677,887,1022,1909,1254,2453,374,544,0,613,280,0,418,937,140,8238,40143,87629,305,136315,3058,26577,3,0,30,58,1,25813132,25192315,832657,3175,51654634,2631689,2406906,178,0,16384,11345,2,6634,35764,86885,303,1408,2783,727,2,4,858,0,0,189,299,13,0,429,0,0,3,10,4,0,30381976,11140677,880159,1
2021-11-11,6323,25,5337,63830,135,1598,123,4534,68,1099,245,4147,770,409,690,245,1329,1359,839,620,492,204,74,104308,30097,41380,14658,39458,662,694,1356,461,693,1154,4480,1157,21377,887,1022,1909,1246,2453,374,538,0,610,274,0,542,982,138,9026,45458,94817,324,149625,3724,29082,16,1,61,67,0,25822785,25237773,927474,3499,51804259,2635417,2435988,194,1,16446,11412,2,7479,39364,93889,317,1353,3276,881,7,0,1849,1,0,194,311,39,0,627,0,0,0,31,7,0,30353636,11215153,881087,1
2021-11-12,6517,16,6026,64280,240,1564,105,4781,67,1093,246,4288,823,404,689,246,1427,1410,815,636,511,235,77,89148,32604,41380,14536,39475,543,711,1254,423,593,1016,4532,1168,21213,887,1005,1892,1229,2452,374,542,0,610,268,0,421,974,116,7758,35139,76223,265,119385,2437,23185,10,0,39,51,0,25830848,25272912,1003697,3764,51923644,2637854,2459173,204,1,16485,11463,2,6087,30100,75115,255,1244,2861,1066,10,1,1600,0,0,425,264,41,0,305,0,0,1,9,1,0,31349934,11351275,839823,0
2021-11-13,5809,27,4712,65322,118,1408,94,4224,83,951,178,3839,810,378,573,178,1228,1237,788,586,525,215,70,68890,28254,41380,14536,39513,576,700,1276,441,577,1018,4600,1134,20191,887,967,1854,1191,2460,374,527,0,608,277,0,400,961,145,3728,16707,39106,184,59725,1105,9926,17,1,19,97,2,25834968,25289619,1042803,3948,51983369,2638961,2469099,221,2,16504,11560,4,2402,13515,38083,172,1152,1815,980,11,2,789,0,0,171,190,42,1,392,0,0,1,6,1,0,32902712,11276254,767671,0
2021-11-14,5162,11,5019,65420,106,1249,83,3771,59,904,181,3256,783,362,542,181,1030,1067,662,497,482,229,72,77254,23164,41380,14536,39521,544,635,1179,395,550,945,4637,1184,19858,887,959,1846,1191,2460,374,524,0,594,265,0,404,979,117,3591,11605,31552,75,46823,1291,6344,7,0,18,34,0,25838979,25301224,1074355,4023,52030192,2640256,2475443,228,2,16522,11594,4,2606,9004,30991,74,868,1755,528,1,4,248,14,0,113,175,18,0,420,0,0,0,3,1,0,31385125,10866262,609130,0
2021-11-15,5143,13,4551,65959,151,1269,65,3746,63,863,195,3381,677,340,523,195,1210,1029,624,518,431,175,71,149747,27707,41380,14536,39517,532,623,1155,356,599,955,4610,1173,20767,887,963,1850,1195,2479,374,526,0,594,250,0,383,992,108,6251,27796,72454,298,106799,1972,18020,16,0,39,72,0,25845771,25329020,1146809,4321,52136991,2642230,2493463,244,2,16561,11666,4,4747,23764,70865,291,1013,2494,1514,6,349,684,11,0,142,230,34,0,541,0,0,0,83,30,1,29328290,11017775,868055,1
2021-11-16,5413,17,6013,65319,198,1333,85,3895,100,939,220,3508,699,363,576,220,1134,1069,696,609,445,181,73,109082,37152,41252,14536,39426,573,630,1203,419,598,1017,4711,1088,20521,903,919,1822,1174,2479,374,545,0,604,264,0,406,989,120,6960,26942,91276,385,125563,2329,16081,8,0,14,43,0,25853233,25355962,1238085,4706,52262554,2644565,2509544,252,2,16575,11709,4,5777,21830,89806,380,1009,2656,1392,3,16,1687,36,0,155,257,38,1,502,0,0,3,10,4,1,28861157,10978406,880501,1
2021-11-17,6288,22,4743,66796,139,1458,72,4672,86,1049,225,4185,787,396,653,225,1349,1347,781,708,498,221,68,105970,35193,41380,14540,39531,569,678,1247,399,558,957,4636,1143,21912,913,923,1836,1176,2490,370,536,0,608,251,0,400,977,104,6490,21582,94553,310,122935,2146,11981,10,0,29,42,0,25859976,25377544,1332638,5016,52385489,2646713,2521525,262,2,16605,11751,4,5139,17794,92915,308,1101,2352,1565,1,20,794,19,0,228,383,47,0,253,0,0,2,6,7,1,29736021,11076697,887075,1
2021-11-18,6380,28,5760,67361,247,1533,72,4650,125,1054,241,4253,832,407,647,241,1367,1360,861,665,496,259,77,90805,32469,41380,14406,39531,590,697,1287,437,640,1077,4647,1167,21500,913,923,1836,1178,2490,370,541,0,603,263,0,402,974,119,7402,21850,99210,318,128780,2596,11483,13,1,27,60,0,25867751,25399394,1431848,5334,52514269,2649321,2533008,275,3,16632,11811,4,6120,18174,97407,298,1069,2543,1716,18,9,497,33,1,198,254,36,1,373,0,0,6,9,18,0,28849815,10976554,884081,0
2021-11-19,6355,31,5031,68640,168,1640,74,4520,121,1171,228,4193,728,468,703,228,1397,1282,863,651,479,197,52,82113,30566,41380,14092,39577,531,705,1236,450,745,1195,4554,1097,20837,913,877,1790,1132,2490,370,542,0,613,268,0,423,991,121,6899,18027,84104,307,109337,2525,9389,17,0,41,56,0,25875135,25417421,1515952,5641,52623606,2651851,2542397,292,3,16674,11867,4,5591,14568,82069,293,1140,2386,1954,12,11,281,12,0,154,300,65,1,485,0,0,3,7,4,1,31404661,11398495,846249,0
2021-11-20,5859,19,4970,69488,156,1476,69,4189,125,1011,251,3846,730,378,633,251,1198,1225,795,628,458,210,62,63460,27669,41380,14092,39580,540,647,1187,427,626,1053,4529,1076,20353,912,875,1787,1123,2490,370,532,0,637,261,0,378,1000,109,3205,6775,38492,118,48590,1413,2205,10,0,15,19,0,25878516,25424196,1554444,5759,52672196,2653271,2544602,302,3,16690,11886,4,2314,3941,36666,107,783,1829,1744,10,12,651,10,0,96,164,70,1,176,0,0,0,14,2,0,31855483,11160441,761041,0
2021-11-21,4854,12,5525,68793,114,1143,53,3569,89,779,189,3260,604,314,465,189,1063,1065,621,511,378,158,68,69282,21779,41380,14092,39580,522,560,1082,387,519,906,4449,982,20299,912,875,1787,1123,2490,370,541,0,606,267,0,372,974,108,2762,5318,31150,72,39302,995,2262,9,0,15,32,0,25881344,25429514,1585594,5831,52711498,2654267,2546864,311,3,16705,11918,4,1821,3556,29627,62,624,1364,1467,10,210,186,12,0,93,145,42,0,66,1,0,14,1,1,0,29963366,10648289,601361,1
2021-11-22,4885,18,5628,67987,228,1165,48,3579,93,806,200,3205,661,306,500,200,1048,1021,620,516,385,200,76,133297,29706,41410,14092,39608,540,593,1133,324,617,941,4445,1147,20476,923,866,1789,1125,2490,370,549,0,612,274,0,390,996,125,5279,12549,95168,271,113267,1538,5638,15,0,31,72,0,25886657,25442063,1680762,6102,52824765,2655806,2552502,326,3,16736,11990,4,3955,9797,92540,263,998,2043,2492,8,141,397,38,0,184,278,94,0,34,0,0,1,0,4,0,28741154,10935972,862090,1
2021-11-23,5594,24,4908,68626,212,1362,75,4050,107,928,212,3760,677,339,589,212,1191,1154,779,636,435,193,49,104326,37018,41410,14092,39608,567,717,1284,399,624,1023,4462,1162,21429,923,866,1789,1125,2490,370,532,0,618,266,0,394,968,123,5518,11198,123312,354,140382,1751,4514,16,0,12,30,0,25892242,25453261,1804074,6456,52965147,2657561,2557016,342,3,16748,12020,4,4395,8976,120112,336,818,1715,3116,18,158,191,26,0,146,247,55,0,67,0,0,1,2,3,0,28827649,10944879,876697,1
2021-11-24,5755,23,5082,69262,175,1420,73,4116,146,950,227,3798,745,350,600,227,1245,1188,808,557,468,194,83,103869,36991,41410,14092,39608,544,676,1220,446,625,1071,4426,1125,21460,923,866,1789,1137,2506,370,506,0,619,270,0,367,957,115,5435,9146,128639,336,143556,1633,2946,19,0,27,22,2,25897735,25462407,1932713,6792,53108703,2659201,2559962,361,3,16775,12042,6,4203,6868,124014,319,866,1734,4511,17,201,169,18,0,165,311,92,0,58,0,0,0,6,4,0,29148408,10969675,878202,1
2021-11-25,6144,12,6602,68756,205,1485,59,4475,125,1028,245,4033,817,394,634,245,1338,1253,801,641,514,229,74,94368,29707,41417,14064,39615,538,645,1183,421,597,1018,4510,1116,21757,923,866,1789,1137,2507,370,516,0,613,272,0,391,1017,119,6046,6471,131307,328,144152,1978,1993,10,0,26,26,0,25903902,25468878,2064020,7120,53252855,2661184,2561955,371,3,16801,12068,6,4739,4150,126522,301,760,1252,4539,24,402,757,121,2,145,191,118,1,121,0,0,0,0,7,0,30311965,11186474,880722,0
2021-11-26,5501,25,6664,67548,123,1319,54,4018,110,906,196,3722,661,342,564,196,1203,1175,764,580,420,185,56,70616,29871,41417,14064,39614,583,594,1177,441,653,1094,4499,1053,20770,924,866,1790,1137,2507,370,513,0,624,260,0,405,997,124,5096,7109,104542,216,116963,1480,2108,11,0,18,26,0,25909053,25475987,2168562,7336,53369818,2662664,2564063,382,3,16819,12094,6,4009,4908,99003,183,857,1612,5267,32,91,322,171,1,139,211,98,0,55,0,0,0,1,3,0,32786193,11542418,837791,0
2021-11-27,5097,17,5352,67253,165,1237,52,3697,111,817,212,3409,631,315,502,212,1064,1093,684,568,399,174,58,56325,28599,41417,14050,39614,469,553,1022,376,518,894,4250,1028,20401,924,866,1790,1137,2507,370,510,0,616,258,0,379,973,151,2642,5650,48565,124,56981,757,2184,12,0,16,16,1,25911720,25481637,2217127,7460,53426799,2663421,2566247,394,3,16835,12110,7,1820,3775,42194,89,603,1631,6185,34,120,43,85,0,99,176,98,1,25,0,0,0,0,3,0,33534272,11386607,764834,0
2021-11-28,4239,12,5007,66456,88,1030,32,3085,92,722,155,2818,524,272,450,155,932,840,564,482,334,143,47,70390,21549,41417,13886,39614,387,538,925,352,436,788,3798,902,20398,924,866,1790,1136,2507,370,519,0,611,261,0,412,1013,116,2185,3838,37880,68,43971,652,1170,9,0,4,11,1,25914134,25485475,2255007,7528,53470770,2664074,2567417,403,3,16839,12121,8,1726,2494,34053,53,379,960,3518,13,0,37,190,1,80,110,119,1,229,0,0,0,8,0,0,31358322,10790123,598018,0
2021-11-29,4087,21,4984,65498,182,1030,37,2935,85,692,202,2626,546,271,421,202,878,776,551,421,331,163,52,116418,30871,41417,13886,39614,513,496,1009,314,524,838,4210,1028,20397,924,866,1790,1136,2507,370,507,0,600,272,0,383,1001,114,4677,7279,100387,301,112644,1746,2336,21,0,15,27,0,25918959,25492754,2355394,7829,53583414,2665820,2569753,424,3,16854,12148,8,3864,5223,93177,271,669,1485,6656,29,40,277,401,1,104,145,148,0,148,1,0,0,1,4,0,29957490,11079204,860126,1
2021-11-30,4879,24,5168,65154,97,1123,55,3597,104,787,209,3290,583,308,479,209,1072,974,708,536,358,165,60,105200,40665,41417,13709,39626,501,620,1121,332,611,943,4093,1057,21465,924,854,1778,1122,2507,370,512,0,594,252,0,389,981,158,4838,9225,125271,328,139662,1804,2840,20,0,17,28,0,25924368,25501979,2480665,8157,53723076,2667636,2572593,444,3,16871,12176,8,4022,6707,117490,297,716,1575,7360,31,0,157,305,0,100,213,114,0,571,0,0,0,2,2,0,30872070,11218574,879133,1
2021-12-01,5439,21,6803,63741,110,1363,53,3900,123,891,197,3668,645,338,553,197,1172,1183,767,546,387,197,61,97716,35787,41417,13647,39633,483,635,1118,359,591,950,4070,1013,21798,924,847,1771,1115,2508,370,500,0,610,258,0,378,983,131,4870,8674,133482,360,147386,1973,2832,20,0,21,15,0,25930077,25510653,2614147,8517,53870462,2669613,2575425,464,3,16893,12191,8,3952,6085,120483,301,811,1421,12369,57,0,140,514,1,107,183,111,1,839,1,0,0,6,4,0,31231527,11268497,884856,1
2021-12-02,5806,11,7246,62254,339,1320,38,4277,171,950,304,3875,643,344,606,304,1279,1207,779,610,410,174,59,84072,32965,41399,13509,39610,568,592,1160,427,591,1018,3972,1069,21855,924,852,1776,1115,2508,370,510,0,618,266,0,394,997,117,5543,9498,139929,376,155346,2286,3506,20,0,33,32,2,25935866,25520151,2754076,8893,54025808,2671900,2578931,484,3,16926,12223,10,4592,7331,124259,323,836,1478,15279,49,2,218,281,3,113,224,107,1,246,2,0,0,1,1,0,30058979,11087966,869619,0
2021-12-03,5551,23,5301,62487,179,1312,46,4044,149,916,304,3683,626,359,557,304,1270,1154,737,522,411,167,48,73835,31879,41479,13528,39690,544,602,1146,377,609,986,3972,1055,21449,924,852,1776,1115,2507,370,498,0,630,269,0,410,979,116,4521,7307,117870,269,129967,1755,2414,31,0,24,19,0,25940571,25527458,2871946,9162,54155775,2673655,2581345,515,3,16952,12242,10,3531,5314,100868,213,857,1301,16687,56,0,120,176,0,133,388,135,0,184,0,0,0,0,4,0,32949294,11529198,822198,0
2021-12-04,4896,18,4676,62671,159,1141,56,3532,167,830,211,3298,537,330,500,211,1120,1030,648,500,327,158,52,59322,30687,41479,13528,39692,478,559,1037,447,522,969,3946,1047,20899,924,850,1774,1115,2507,370,490,0,616,269,0,383,992,115,3294,4863,64026,151,72334,1678,1689,16,0,16,6,1,25944308,25532321,2935972,9313,54228109,2675333,2583034,531,3,16968,12248,11,2633,3000,48712,93,534,1158,14333,54,9,81,865,4,118,181,114,0,443,0,0,0,0,2,0,34546300,11512700,766580,0
2021-12-05,4298,23,4928,62001,136,1015,38,3095,150,734,184,2866,509,281,453,184,1008,898,535,425,330,130,49,70675,24428,41479,13528,39692,479,466,945,377,490,867,3453,998,20822,924,850,1774,1115,2507,370,471,0,616,264,0,399,965,132,1760,3432,52202,130,57524,613,1094,13,0,20,15,1,25946490,25535753,2988174,9443,54285633,2675947,2584128,544,3,16988,12263,12,1240,2152,41885,105,426,741,9397,23,6,2,800,1,88,115,115,1,422,0,0,0,0,5,0,32422550,10978299,604200,0
2021-12-06,4262,15,5894,60331,97,1034,38,3059,131,707,185,2804,542,289,418,185,952,867,560,425,352,141,49,130045,30662,41479,13411,39693,462,488,950,329,540,869,3774,998,21364,924,849,1773,1115,2507,370,463,0,626,249,0,418,966,103,4934,7040,90586,307,102867,2029,2299,19,0,17,13,2,25951987,25542793,3078760,9750,54388500,2677976,2586427,563,3,17005,12276,14,4044,4926,70766,245,738,1258,18859,59,0,143,746,1,130,150,204,2,563,0,0,22,0,11,0,30381588,11144047,861759,1
2021-12-07,4965,29,4817,60413,138,1129,44,3645,147,763,229,3314,645,305,458,229,1111,1040,673,490,395,169,81,107691,42531,41479,13407,39690,499,537,1036,371,487,858,3773,1047,22023,926,850,1776,1116,2508,370,445,0,603,240,0,411,959,119,4792,7325,117612,399,130128,1788,2471,29,0,29,9,1,25957136,25550118,3196372,10149,54518628,2679765,2588898,592,3,17034,12285,15,3898,5556,94315,328,786,1168,22241,71,1,117,865,0,105,123,188,0,357,0,0,2,4,3,0,31245536,11279913,882208,1
2021-12-08,5020,17,4525,60880,154,1159,41,3677,143,768,223,3434,575,301,467,223,1148,1042,712,532,378,154,43,106894,39484,41474,13345,39693,540,575,1115,382,533,915,3744,1071,22051,926,842,1768,1113,2508,370,435,0,604,237,0,392,946,121,4909,6974,118786,323,130992,1890,2305,22,0,25,14,0,25962353,25557092,3315158,10472,54649620,2681656,2591203,614,3,17059,12299,15,3957,5104,93999,235,825,1317,23229,88,0,85,1285,0,125,157,248,0,308,12,0,2,3,13,0,31541866,11340177,886605,1
2021-12-09,5446,20,5427,60858,367,1208,53,4032,153,840,282,3724,574,335,505,282,1300,1251,688,485,367,161,46,92997,32646,41305,13175,39524,537,591,1128,486,544,1030,3715,1020,22268,926,842,1768,1101,2508,370,427,0,633,232,0,417,960,123,5012,8420,132898,373,146703,1966,2833,28,1,37,15,3,25967835,25565512,3448056,10845,54796323,2683622,2594036,642,4,17096,12314,18,4143,6289,105453,294,757,1290,26296,72,0,146,1016,7,112,216,118,0,470,4,0,0,9,11,0,28112011,10819450,870616,0
2021-12-10,5058,17,4997,60875,190,1225,41,3634,158,816,223,3410,581,311,505,223,1138,1139,671,462,356,163,62,79782,35022,41305,13093,39524,474,583,1057,440,522,962,3710,910,21808,926,842,1768,1091,2508,370,403,0,636,212,0,420,987,118,3942,7518,117183,68,128711,1345,2522,25,0,25,21,5,25972112,25573030,3565239,10913,54925034,2684971,2596558,667,4,17121,12335,23,3227,5510,92214,42,618,1419,23224,23,0,91,1566,3,94,161,128,0,335,0,0,3,2,51,0,31839049,11466927,830923,0
2021-12-11,4626,20,4690,60780,105,1103,39,3339,145,757,192,3113,553,269,488,192,1079,1002,618,414,340,154,59,60783,30685,41305,13093,39524,452,506,958,386,512,898,3643,959,21133,926,842,1768,1091,2508,370,404,0,660,211,0,420,1000,105,1467,2909,69814,59,74249,380,1232,18,0,5,6,3,25973689,25575939,3635053,10972,54999283,2685352,2597790,685,4,17126,12341,26,956,1944,51537,25,444,760,17612,33,8,36,539,0,58,59,88,1,110,0,0,1,0,38,0,33629652,11366407,733002,0
2021-12-12,3490,14,5399,58854,167,801,27,2530,132,522,143,2318,487,201,321,143,811,718,428,361,276,136,75,79576,25483,41305,13093,39524,488,447,935,323,433,756,3564,938,21045,926,842,1768,1091,2508,370,407,0,671,216,0,428,997,108,1505,2560,65747,92,69904,484,955,19,0,7,9,1,25975347,25578499,3700800,11064,55069187,2685838,2598745,704,4,17133,12350,27,1121,1666,50668,65,331,647,14310,26,2,19,676,1,51,73,47,0,153,6,0,0,2,40,0,32456586,11066705,597749,1
2021-12-13,3504,24,4401,57928,103,796,29,2569,110,551,154,2317,475,237,314,154,776,736,421,384,296,142,37,127822,32539,41305,13093,39524,490,432,922,353,426,779,3526,978,21916,926,842,1768,1091,2508,370,408,0,625,206,0,430,973,109,4115,5586,124393,95,134189,1599,1904,41,0,19,15,3,25979672,25584085,3825193,11159,55203376,2687439,2600649,745,4,17152,12365,30,3421,4100,101972,69,613,985,20731,23,4,138,1578,2,76,153,104,0,210,0,0,1,0,8,1,30448117,11102368,844007,1
2021-12-14,4097,18,4301,57676,152,950,43,2966,138,633,159,2771,511,253,380,159,884,921,566,400,312,149,50,97809,39591,41295,13083,39526,466,533,999,334,523,857,3467,947,22567,926,830,1756,1079,2508,370,382,0,653,201,0,424,955,100,4158,5669,156940,107,166874,1531,1737,24,0,14,9,3,25984109,25589754,3982133,11266,55370250,2688970,2602386,769,4,17166,12374,33,3459,4191,132826,81,633,908,22237,24,2,149,1745,2,61,142,69,0,279,0,0,3,0,63,0,31082120,11239604,865855,0
2021-12-15,3900,19,4552,56991,137,875,24,2858,143,562,139,2720,458,220,342,139,955,837,550,378,289,129,40,110227,37034,41283,13071,39514,518,480,998,410,510,920,3423,930,22455,926,830,1756,1079,2508,370,384,0,644,213,0,420,946,113,4261,5856,164862,88,175067,1676,1742,25,0,29,18,2,25988746,25595610,4146995,11354,55545317,2690646,2604128,794,4,17196,12392,35,3497,4202,139617,55,665,1040,23627,29,12,69,1461,3,85,167,43,1,376,0,0,2,2,114,0,31373823,11266377,869160,1
2021-12-16,4262,36,4985,56231,125,951,29,3110,172,624,142,2927,521,254,370,142,1011,949,572,395,343,132,46,91581,33616,41283,13041,39516,529,423,952,355,489,844,3296,962,22276,926,828,1754,1077,2507,370,384,0,651,198,0,414,940,136,4474,6690,166403,120,177687,1857,2345,33,0,24,9,3,25993480,25602300,4313398,11474,55723004,2692504,2606473,827,4,17220,12401,38,3768,5285,142743,83,592,888,21607,34,5,108,1758,3,109,149,113,0,260,3,0,0,0,179,0,30838977,11182794,860715,1
2021-12-17,4362,28,5098,55477,208,963,46,3173,180,648,193,2976,490,266,382,193,1011,986,576,403,298,128,64,78413,31077,41283,13073,39516,512,466,978,400,467,867,3192,863,22058,926,828,1754,1075,2507,370,400,0,629,198,0,405,962,122,3121,5189,157450,127,165887,978,1530,18,0,21,10,2,25996803,25607489,4470848,11601,55888891,2693482,2608003,845,4,17241,12411,40,2409,3783,133444,74,596,992,22232,47,23,73,1472,3,91,138,100,0,202,0,0,2,1,202,3,30158172,11011975,797864,0
2021-12-18,4083,34,5435,54096,209,1015,22,2899,147,660,142,2757,503,271,389,142,963,882,526,386,327,134,42,62603,30918,41283,13073,39516,495,436,931,376,452,828,3122,860,20696,926,828,1754,1075,2507,370,391,0,608,215,0,397,947,117,1181,2398,70501,46,74126,291,600,11,0,5,7,3,25998189,25609887,4541349,11647,55963017,2693775,2608603,856,4,17246,12418,43,698,1334,56292,23,439,743,12602,19,0,39,1375,3,44,76,58,0,205,4,0,0,1,170,1,29252537,10542995,699968,0
2021-12-19,3108,37,3701,53484,88,688,22,2255,143,451,105,2152,390,182,269,105,746,696,437,273,249,119,22,67749,24185,41255,12939,39488,409,361,770,393,389,782,3056,877,21442,926,828,1754,1073,2508,370,389,0,625,210,0,416,962,120,1346,2278,77609,205,81438,466,646,23,0,4,2,3,25999831,25612165,4618958,11852,56044455,2694242,2609249,879,4,17250,12420,46,1091,1586,63018,154,241,325,12004,35,4,28,2543,14,10,41,39,0,296,1,0,0,2,4,2,29504827,10336494,549869,0
2021-12-20,2589,46,3810,52220,34,650,21,1821,97,458,99,1659,370,196,262,99,555,555,314,235,251,85,34,114220,31012,41255,12870,39488,390,279,669,293,363,656,2921,843,21599,926,828,1754,1073,2507,370,379,0,628,210,0,423,951,125,3393,4773,141743,517,150426,1359,1707,33,0,8,6,2,26003440,25616938,4760701,12369,56194881,2695602,2610956,912,4,17258,12426,48,2791,3599,118748,397,537,785,21264,110,1,58,1654,10,64,114,73,0,216,0,0,0,1,4,0,31360848,11121032,809400,1
2021-12-21,3140,58,4277,51026,47,737,24,2216,163,501,152,2054,391,183,318,152,702,662,406,284,252,106,33,100683,38066,41255,12836,39488,523,434,957,363,493,856,2818,908,22265,926,828,1754,1073,2507,370,353,0,647,189,0,406,925,112,3311,4800,164137,412,172660,1285,1832,32,0,12,9,6,26006927,25621738,4924838,12781,56367541,2696890,2612788,944,4,17270,12435,54,2777,3772,142421,340,453,729,19532,61,3,31,2139,11,78,87,40,0,176,1,0,0,5,4,0,30604407,11078151,821152,1
2021-12-22,3519,100,5118,49397,79,819,28,2503,169,515,163,2369,444,212,303,163,802,774,442,351,265,149,30,97297,34113,41255,12836,39504,554,405,959,389,458,847,2635,936,21594,926,812,1738,1065,2507,370,338,0,648,186,0,422,928,118,3311,5041,173522,259,182133,1370,1956,33,0,11,4,4,26010521,25626779,5098360,13040,56549674,2698262,2614744,977,4,17281,12439,58,2704,3887,149424,201,528,740,20742,50,5,30,3254,7,74,100,47,0,283,26,0,0,1,29,1,31658215,11190855,836419,0
2021-12-23,3510,95,4997,47866,59,751,17,2552,190,527,133,2387,443,235,292,133,824,739,480,344,282,113,48,87440,29044,41255,12836,39504,548,407,955,393,413,806,2713,935,22379,926,812,1738,1049,2507,370,330,0,635,180,0,413,925,103,3626,5657,173015,395,182693,1495,2202,35,1,23,9,8,26014338,25632436,5271375,13435,56732367,2699758,2616946,1012,5,17304,12448,66,3133,4437,150449,268,412,848,19106,120,1,67,3409,6,80,114,34,0,191,13,0,0,0,4,1,31857912,11260071,840103,1
2021-12-24,3528,103,4483,46886,94,767,25,2528,208,531,148,2409,420,210,321,148,854,772,440,343,267,111,42,70747,29315,41255,12815,39504,550,398,948,406,440,846,2692,886,21982,926,812,1738,1049,2507,370,339,0,660,180,0,407,929,103,2319,4198,138161,366,145044,840,1532,33,0,4,7,1,26016762,25636634,5409536,13801,56877411,2700598,2618478,1045,5,17308,12455,67,1829,3020,119165,310,440,921,16397,52,6,50,2559,4,44,101,35,0,105,0,0,0,1,5,0,33693142,11529963,779122,0
2021-12-25,3160,156,4420,45601,71,671,12,2264,213,447,135,2131,431,190,257,135,734,649,416,332,276,121,34,56395,27003,41255,12748,39504,460,344,804,349,312,661,2656,857,21040,926,812,1738,1049,2507,370,324,0,653,175,0,401,933,105,529,1441,24337,90,26397,101,603,10,0,0,4,0,26017384,25638075,5433873,13891,56903808,2700699,2619081,1055,5,17308,12459,67,374,983,20227,64,126,301,2923,24,1,1,1159,1,28,63,24,0,93,1,1,0,0,3,0,31807070,10802813,596148,0
2021-12-26,2778,129,3539,44821,58,638,12,1952,176,432,120,1855,370,180,252,120,620,578,364,293,219,114,37,66191,20110,41255,12748,39504,482,360,842,324,390,714,2668,873,20865,926,812,1738,1049,2507,370,306,0,665,170,0,425,952,92,880,1566,63370,170,65986,311,523,11,0,1,4,1,26018323,25639641,5497243,14061,56969794,2701010,2619604,1066,5,17309,12463,68,660,973,53069,118,194,450,8105,44,6,10,2176,6,20,71,18,2,59,0,0,0,3,2,0,30369649,10551482,557520,0
2021-12-27,2757,147,4620,42923,88,587,15,1977,178,411,143,1854,343,148,263,143,627,597,327,303,214,103,26,112119,28218,41255,12728,39504,473,333,806,344,350,694,2673,827,21598,926,812,1738,1049,2507,370,297,0,662,169,0,423,933,113,3352,5479,124315,327,133473,1438,2228,43,0,5,6,3,26021872,25645120,5621558,14388,57103267,2702448,2621832,1109,5,17314,12469,71,2822,4356,103602,245,483,710,17608,68,4,75,3026,11,43,140,49,1,197,23,1,0,1,7,1,30422461,10966136,811750,1
2021-12-28,2897,192,3434,42363,51,602,14,2099,182,417,137,1957,352,167,250,137,674,611,379,293,226,85,41,95913,34055,41238,12544,39487,561,410,971,352,383,735,2612,889,22112,926,812,1738,1049,2507,370,302,0,657,169,0,450,962,103,3496,5113,149099,385,158093,1486,1921,52,0,4,7,3,26025572,25650233,5770657,14773,57261360,2703936,2623753,1161,5,17318,12476,74,2902,3990,120354,313,531,751,19070,64,9,28,9615,8,54,138,35,0,204,10,0,0,2,15,0,31081361,11092969,842660,1
2021-12-29,3683,239,4322,41688,104,725,18,2684,256,490,145,2530,499,192,298,145,880,815,458,377,329,124,46,93365,32755,41238,12522,39487,574,374,948,446,343,789,2639,905,21406,926,812,1738,1049,2507,370,288,0,658,162,0,434,958,89,3452,5304,181697,226,190679,1629,2067,93,0,5,1,7,26029246,25655537,5952354,14999,57452039,2705565,2625820,1254,5,17323,12477,81,2982,4149,148731,156,404,789,18639,48,19,47,14259,22,47,96,42,0,222,15,0,0,1,11,0,31041429,11088095,846839,1
2021-12-30,3997,366,3984,41667,87,880,19,2797,301,578,182,2674,546,222,356,182,925,834,492,423,353,153,40,80034,28452,41238,12522,39487,601,395,996,378,316,694,2621,911,22403,926,812,1738,1049,2507,370,281,0,652,155,0,440,961,169,3497,5134,201705,402,210738,1622,1948,68,1,4,4,6,26032914,25660671,6154059,15401,57662777,2707189,2627768,1322,6,17327,12481,87,3000,4054,165061,328,448,725,18763,46,8,69,17828,28,40,115,44,0,171,3,0,1,0,6,0,30825297,11044762,836593,0
2021-12-31,3573,343,3988,41227,141,737,20,2512,304,476,150,2495,424,175,301,150,842,817,457,379,275,113,36,65695,26830,41238,12522,39487,485,386,871,410,337,747,2664,852,21114,926,812,1738,1049,2507,370,269,0,630,163,0,428,944,127,2792,4774,178680,288,186534,1321,2029,73,0,6,10,11,26035991,25665445,6332739,15689,57849311,2708510,2629797,1395,6,17333,12491,98,2304,3646,146205,229,451,721,15510,35,5,20,16923,24,32,100,27,0,285,2,0,0,2,13,0,32146034,11279206,777054,0
